id,nombre,sistema_principal,prior_inc,prior_prev,w_priors
a1,Patologia_1,Cardiovascular,0.0295,0.2287,0.3
a2,Patologia_2,Respiratorio,0.2558,0.4423,0.3
a3,Patologia_3,Cardiovascular,0.2513,0.372,0.3
a4,Patologia_4,Neurológico,0.1041,0.2938,0.3
a5,Patologia_5,Neurológico,0.1778,0.1873,0.3
a6,Patologia_6,Neurológico,0.1428,0.4176,0.3
a7,Patologia_7,Cardiovascular,0.168,0.1429,0.3
a8,Patologia_8,Cardiovascular,0.1997,0.1466,0.3
a9,Patologia_9,Digestivo,0.101,0.3242,0.3
a10,Patologia_10,Respiratorio,0.2219,0.28,0.3
a11,Patologia_11,Respiratorio,0.0536,0.1065,0.3
a12,Patologia_12,Respiratorio,0.2274,0.142,0.3
a13,Patologia_13,Cardiovascular,0.2373,0.2675,0.3
a14,Patologia_14,Cardiovascular,0.0913,0.5416,0.3
a15,Patologia_15,Digestivo,0.1661,0.2406,0.3
a16,Patologia_16,Respiratorio,0.342,0.1698,0.3
a17,Patologia_17,Inmunológico,0.3309,0.37,0.3
a18,Patologia_18,Neurológico,0.1129,0.4122,0.3
a19,Patologia_19,Digestivo,0.2612,0.2179,0.3
a20,Patologia_20,Respiratorio,0.1166,0.156,0.3
a21,Patologia_21,Neurológico,0.0839,0.1113,0.3
a22,Patologia_22,Cardiovascular,0.4014,0.3584,0.3
a23,Patologia_23,Respiratorio,0.0278,0.4039,0.3
a24,Patologia_24,Digestivo,0.0847,0.3765,0.3
a25,Patologia_25,Inmunológico,0.3095,0.2994,0.3
a26,Patologia_26,Digestivo,0.0088,0.1153,0.3
a27,Patologia_27,Neurológico,0.3209,0.3696,0.3
a28,Patologia_28,Neurológico,0.16,0.1691,0.3
a29,Patologia_29,Respiratorio,0.1502,0.2348,0.3
a30,Patologia_30,Neurológico,0.0632,0.1157,0.3
a31,Patologia_31,Neurológico,0.1857,0.1495,0.3
a32,Patologia_32,Digestivo,0.0242,0.2486,0.3
a33,Patologia_33,Cardiovascular,0.1604,0.0984,0.3
a34,Patologia_34,Respiratorio,0.419,0.1037,0.3
a35,Patologia_35,Inmunológico,0.1279,0.498,0.3
a36,Patologia_36,Neurológico,0.2757,0.2988,0.3
a37,Patologia_37,Digestivo,0.3731,0.1481,0.3
a38,Patologia_38,Inmunológico,0.1683,0.1777,0.3
a39,Patologia_39,Neurológico,0.1258,0.375,0.3
a40,Patologia_40,Neurológico,0.1523,0.3001,0.3
a41,Patologia_41,Inmunológico,0.1622,0.1781,0.3
a42,Patologia_42,Neurológico,0.144,0.2326,0.3
a43,Patologia_43,Respiratorio,0.0689,0.1516,0.3
a44,Patologia_44,Cardiovascular,0.1548,0.3328,0.3
a45,Patologia_45,Digestivo,0.1491,0.1628,0.3
a46,Patologia_46,Respiratorio,0.0867,0.2244,0.3
a47,Patologia_47,Cardiovascular,0.2011,0.299,0.3
a48,Patologia_48,Inmunológico,0.1781,0.2146,0.3
a49,Patologia_49,Digestivo,0.2089,0.3758,0.3
a50,Patologia_50,Cardiovascular,0.1398,0.1313,0.3
a51,Patologia_51,Digestivo,0.0997,0.3683,0.3
a52,Patologia_52,Neurológico,0.1356,0.1973,0.3
a53,Patologia_53,Inmunológico,0.146,0.2881,0.3
a54,Patologia_54,Inmunológico,0.0618,0.1841,0.3
a55,Patologia_55,Respiratorio,0.1102,0.3829,0.3
a56,Patologia_56,Inmunológico,0.0446,0.2671,0.3
a57,Patologia_57,Digestivo,0.2876,0.1357,0.3
a58,Patologia_58,Respiratorio,0.1883,0.2836,0.3
a59,Patologia_59,Inmunológico,0.0418,0.136,0.3
a60,Patologia_60,Respiratorio,0.1798,0.1526,0.3
a61,Patologia_61,Inmunológico,0.2096,0.329,0.3
a62,Patologia_62,Digestivo,0.2151,0.0798,0.3
a63,Patologia_63,Respiratorio,0.1127,0.1425,0.3
a64,Patologia_64,Neurológico,0.2678,0.1822,0.3
a65,Patologia_65,Inmunológico,0.263,0.2698,0.3
a66,Patologia_66,Digestivo,0.1869,0.1071,0.3
a67,Patologia_67,Respiratorio,0.1248,0.3806,0.3
a68,Patologia_68,Inmunológico,0.2982,0.5315,0.3
a69,Patologia_69,Cardiovascular,0.1101,0.3087,0.3
a70,Patologia_70,Inmunológico,0.1827,0.2114,0.3
a71,Patologia_71,Inmunológico,0.0425,0.0884,0.3
a72,Patologia_72,Cardiovascular,0.1353,0.2305,0.3
a73,Patologia_73,Digestivo,0.1897,0.3422,0.3
a74,Patologia_74,Cardiovascular,0.1647,0.1218,0.3
a75,Patologia_75,Cardiovascular,0.1608,0.3394,0.3
a76,Patologia_76,Inmunológico,0.3854,0.5453,0.3
a77,Patologia_77,Neurológico,0.1651,0.3713,0.3
a78,Patologia_78,Digestivo,0.0594,0.3403,0.3
a79,Patologia_79,Inmunológico,0.4934,0.3952,0.3
a80,Patologia_80,Cardiovascular,0.221,0.2035,0.3
a81,Patologia_81,Respiratorio,0.2525,0.2403,0.3
a82,Patologia_82,Neurológico,0.1251,0.3092,0.3
a83,Patologia_83,Cardiovascular,0.1321,0.1306,0.3
a84,Patologia_84,Cardiovascular,0.0701,0.4459,0.3
a85,Patologia_85,Cardiovascular,0.0956,0.4,0.3
a86,Patologia_86,Inmunológico,0.266,0.1314,0.3
a87,Patologia_87,Respiratorio,0.2582,0.3677,0.3
a88,Patologia_88,Respiratorio,0.2542,0.1964,0.3
a89,Patologia_89,Cardiovascular,0.0643,0.2901,0.3
a90,Patologia_90,Respiratorio,0.2805,0.2529,0.3
a91,Patologia_91,Respiratorio,0.064,0.1327,0.3
a92,Patologia_92,Respiratorio,0.5111,0.4825,0.3
a93,Patologia_93,Neurológico,0.2721,0.0551,0.3
a94,Patologia_94,Respiratorio,0.2647,0.1951,0.3
a95,Patologia_95,Digestivo,0.1391,0.2524,0.3
a96,Patologia_96,Respiratorio,0.1197,0.3044,0.3
a97,Patologia_97,Neurológico,0.0689,0.1519,0.3
a98,Patologia_98,Cardiovascular,0.5442,0.2952,0.3
a99,Patologia_99,Respiratorio,0.217,0.2635,0.3
a100,Patologia_100,Respiratorio,0.2149,0.2558,0.3
a101,Patologia_101,Cardiovascular,0.2791,0.1886,0.3
a102,Patologia_102,Cardiovascular,0.0271,0.4046,0.3
a103,Patologia_103,Inmunológico,0.1853,0.1422,0.3
a104,Patologia_104,Cardiovascular,0.2383,0.4214,0.3
a105,Patologia_105,Respiratorio,0.2588,0.2091,0.3
a106,Patologia_106,Cardiovascular,0.1061,0.4051,0.3
a107,Patologia_107,Digestivo,0.121,0.56,0.3
a108,Patologia_108,Digestivo,0.3096,0.2464,0.3
a109,Patologia_109,Neurológico,0.1523,0.3656,0.3
a110,Patologia_110,Inmunológico,0.2643,0.1988,0.3
a111,Patologia_111,Neurológico,0.084,0.2807,0.3
a112,Patologia_112,Digestivo,0.175,0.256,0.3
a113,Patologia_113,Respiratorio,0.1239,0.1026,0.3
a114,Patologia_114,Digestivo,0.1822,0.3391,0.3
a115,Patologia_115,Neurológico,0.0921,0.5374,0.3
a116,Patologia_116,Cardiovascular,0.156,0.3023,0.3
a117,Patologia_117,Digestivo,0.2801,0.0826,0.3
a118,Patologia_118,Digestivo,0.1805,0.2674,0.3
a119,Patologia_119,Respiratorio,0.2121,0.1023,0.3
a120,Patologia_120,Cardiovascular,0.1826,0.4252,0.3
a121,Patologia_121,Cardiovascular,0.2843,0.274,0.3
a122,Patologia_122,Inmunológico,0.2129,0.2115,0.3
a123,Patologia_123,Inmunológico,0.1386,0.2804,0.3
a124,Patologia_124,Digestivo,0.0678,0.4055,0.3
a125,Patologia_125,Digestivo,0.2602,0.3748,0.3
a126,Patologia_126,Digestivo,0.2776,0.1213,0.3
a127,Patologia_127,Digestivo,0.3731,0.249,0.3
a128,Patologia_128,Digestivo,0.3476,0.0947,0.3
a129,Patologia_129,Neurológico,0.2098,0.2979,0.3
a130,Patologia_130,Digestivo,0.208,0.2415,0.3
a131,Patologia_131,Digestivo,0.1937,0.1098,0.3
a132,Patologia_132,Inmunológico,0.3076,0.3042,0.3
a133,Patologia_133,Inmunológico,0.0503,0.3566,0.3
a134,Patologia_134,Neurológico,0.2092,0.4624,0.3
a135,Patologia_135,Digestivo,0.0739,0.3481,0.3
a136,Patologia_136,Inmunológico,0.2359,0.2457,0.3
a137,Patologia_137,Inmunológico,0.1226,0.2992,0.3
a138,Patologia_138,Cardiovascular,0.2033,0.1487,0.3
a139,Patologia_139,Respiratorio,0.0926,0.3689,0.3
a140,Patologia_140,Respiratorio,0.0359,0.2251,0.3
a141,Patologia_141,Neurológico,0.4214,0.3512,0.3
a142,Patologia_142,Neurológico,0.0803,0.2266,0.3
a143,Patologia_143,Cardiovascular,0.1851,0.4562,0.3
a144,Patologia_144,Neurológico,0.1852,0.6549,0.3
a145,Patologia_145,Cardiovascular,0.3353,0.2087,0.3
a146,Patologia_146,Neurológico,0.0963,0.1917,0.3
a147,Patologia_147,Cardiovascular,0.2362,0.4618,0.3
a148,Patologia_148,Inmunológico,0.1546,0.1902,0.3
a149,Patologia_149,Cardiovascular,0.163,0.2515,0.3
a150,Patologia_150,Cardiovascular,0.1276,0.3597,0.3
a151,Patologia_151,Cardiovascular,0.0605,0.4968,0.3
a152,Patologia_152,Respiratorio,0.0446,0.4156,0.3
a153,Patologia_153,Neurológico,0.0876,0.3192,0.3
a154,Patologia_154,Neurológico,0.2442,0.1603,0.3
a155,Patologia_155,Cardiovascular,0.0268,0.3312,0.3
a156,Patologia_156,Respiratorio,0.3447,0.3625,0.3
a157,Patologia_157,Cardiovascular,0.1356,0.1086,0.3
a158,Patologia_158,Digestivo,0.1355,0.2582,0.3
a159,Patologia_159,Respiratorio,0.1233,0.3474,0.3
a160,Patologia_160,Respiratorio,0.1183,0.577,0.3
a161,Patologia_161,Cardiovascular,0.0754,0.5544,0.3
a162,Patologia_162,Cardiovascular,0.1062,0.1895,0.3
a163,Patologia_163,Cardiovascular,0.2789,0.602,0.3
a164,Patologia_164,Cardiovascular,0.2384,0.247,0.3
a165,Patologia_165,Inmunológico,0.2828,0.173,0.3
a166,Patologia_166,Digestivo,0.1716,0.1236,0.3
a167,Patologia_167,Cardiovascular,0.1923,0.3649,0.3
a168,Patologia_168,Inmunológico,0.1004,0.5717,0.3
a169,Patologia_169,Digestivo,0.1604,0.2525,0.3
a170,Patologia_170,Digestivo,0.1503,0.413,0.3
a171,Patologia_171,Neurológico,0.1385,0.3471,0.3
a172,Patologia_172,Digestivo,0.2627,0.3684,0.3
a173,Patologia_173,Cardiovascular,0.2072,0.3873,0.3
a174,Patologia_174,Respiratorio,0.2315,0.2321,0.3
a175,Patologia_175,Respiratorio,0.1228,0.252,0.3
a176,Patologia_176,Digestivo,0.1218,0.2763,0.3
a177,Patologia_177,Cardiovascular,0.0723,0.1493,0.3
a178,Patologia_178,Respiratorio,0.3411,0.0849,0.3
a179,Patologia_179,Cardiovascular,0.2118,0.2262,0.3
a180,Patologia_180,Neurológico,0.1494,0.4643,0.3
a181,Patologia_181,Cardiovascular,0.4936,0.4524,0.3
a182,Patologia_182,Cardiovascular,0.3249,0.2159,0.3
a183,Patologia_183,Digestivo,0.08,0.2636,0.3
a184,Patologia_184,Inmunológico,0.2317,0.2635,0.3
a185,Patologia_185,Neurológico,0.303,0.14,0.3
a186,Patologia_186,Neurológico,0.0895,0.3679,0.3
a187,Patologia_187,Respiratorio,0.2035,0.4617,0.3
a188,Patologia_188,Inmunológico,0.1748,0.0561,0.3
a189,Patologia_189,Cardiovascular,0.2983,0.2876,0.3
a190,Patologia_190,Inmunológico,0.1411,0.215,0.3
a191,Patologia_191,Neurológico,0.0741,0.261,0.3
a192,Patologia_192,Respiratorio,0.1841,0.2798,0.3
a193,Patologia_193,Neurológico,0.3112,0.1053,0.3
a194,Patologia_194,Digestivo,0.1552,0.1729,0.3
a195,Patologia_195,Inmunológico,0.2107,0.1869,0.3
a196,Patologia_196,Neurológico,0.173,0.0937,0.3
a197,Patologia_197,Cardiovascular,0.2051,0.6425,0.3
a198,Patologia_198,Inmunológico,0.3016,0.4391,0.3
a199,Patologia_199,Neurológico,0.3394,0.3432,0.3
a200,Patologia_200,Digestivo,0.0549,0.0795,0.3
a201,Patologia_201,Cardiovascular,0.3886,0.4434,0.3
a202,Patologia_202,Cardiovascular,0.045,0.5672,0.3
a203,Patologia_203,Neurológico,0.0782,0.4231,0.3
a204,Patologia_204,Neurológico,0.2534,0.4167,0.3
a205,Patologia_205,Respiratorio,0.1066,0.115,0.3
a206,Patologia_206,Cardiovascular,0.0737,0.3628,0.3
a207,Patologia_207,Inmunológico,0.2248,0.3769,0.3
a208,Patologia_208,Respiratorio,0.0232,0.245,0.3
a209,Patologia_209,Respiratorio,0.1347,0.1968,0.3
a210,Patologia_210,Neurológico,0.1657,0.2033,0.3
a211,Patologia_211,Inmunológico,0.2286,0.4719,0.3
a212,Patologia_212,Respiratorio,0.2847,0.3927,0.3
a213,Patologia_213,Cardiovascular,0.2213,0.1339,0.3
a214,Patologia_214,Inmunológico,0.2346,0.062,0.3
a215,Patologia_215,Respiratorio,0.1529,0.1801,0.3
a216,Patologia_216,Inmunológico,0.3226,0.1248,0.3
a217,Patologia_217,Digestivo,0.3661,0.2498,0.3
a218,Patologia_218,Inmunológico,0.0159,0.4029,0.3
a219,Patologia_219,Neurológico,0.0897,0.2263,0.3
a220,Patologia_220,Inmunológico,0.241,0.1376,0.3
a221,Patologia_221,Respiratorio,0.322,0.3099,0.3
a222,Patologia_222,Inmunológico,0.1589,0.1019,0.3
a223,Patologia_223,Inmunológico,0.1037,0.1505,0.3
a224,Patologia_224,Inmunológico,0.2113,0.515,0.3
a225,Patologia_225,Neurológico,0.0447,0.2334,0.3
a226,Patologia_226,Cardiovascular,0.1616,0.0797,0.3
a227,Patologia_227,Respiratorio,0.2862,0.5512,0.3
a228,Patologia_228,Respiratorio,0.0273,0.3076,0.3
a229,Patologia_229,Cardiovascular,0.2317,0.2992,0.3
a230,Patologia_230,Inmunológico,0.032,0.2431,0.3
a231,Patologia_231,Inmunológico,0.0747,0.2433,0.3
a232,Patologia_232,Neurológico,0.0426,0.2441,0.3
a233,Patologia_233,Respiratorio,0.129,0.7523,0.3
a234,Patologia_234,Inmunológico,0.2114,0.411,0.3
a235,Patologia_235,Cardiovascular,0.1551,0.1777,0.3
a236,Patologia_236,Inmunológico,0.1299,0.0793,0.3
a237,Patologia_237,Neurológico,0.0348,0.4763,0.3
a238,Patologia_238,Neurológico,0.1051,0.1165,0.3
a239,Patologia_239,Inmunológico,0.2501,0.2416,0.3
a240,Patologia_240,Respiratorio,0.2487,0.1922,0.3
a241,Patologia_241,Inmunológico,0.1996,0.2223,0.3
a242,Patologia_242,Cardiovascular,0.1793,0.4421,0.3
a243,Patologia_243,Cardiovascular,0.0311,0.3421,0.3
a244,Patologia_244,Digestivo,0.1789,0.0946,0.3
a245,Patologia_245,Inmunológico,0.1408,0.4868,0.3
a246,Patologia_246,Neurológico,0.2253,0.1936,0.3
a247,Patologia_247,Cardiovascular,0.1316,0.2413,0.3
a248,Patologia_248,Neurológico,0.1482,0.1066,0.3
a249,Patologia_249,Cardiovascular,0.3935,0.1896,0.3
a250,Patologia_250,Inmunológico,0.3132,0.3873,0.3
a251,Patologia_251,Cardiovascular,0.1292,0.3359,0.3
a252,Patologia_252,Digestivo,0.1899,0.1886,0.3
a253,Patologia_253,Neurológico,0.1206,0.2969,0.3
a254,Patologia_254,Inmunológico,0.2798,0.1589,0.3
a255,Patologia_255,Digestivo,0.0885,0.3458,0.3
a256,Patologia_256,Respiratorio,0.0145,0.2188,0.3
a257,Patologia_257,Inmunológico,0.0257,0.4198,0.3
a258,Patologia_258,Inmunológico,0.1297,0.2393,0.3
a259,Patologia_259,Neurológico,0.0527,0.0854,0.3
a260,Patologia_260,Neurológico,0.254,0.2689,0.3
a261,Patologia_261,Digestivo,0.145,0.4152,0.3
a262,Patologia_262,Digestivo,0.0527,0.2736,0.3
a263,Patologia_263,Neurológico,0.0487,0.1058,0.3
a264,Patologia_264,Neurológico,0.0543,0.4185,0.3
a265,Patologia_265,Inmunológico,0.1709,0.2994,0.3
a266,Patologia_266,Neurológico,0.065,0.2017,0.3
a267,Patologia_267,Respiratorio,0.0218,0.4599,0.3
a268,Patologia_268,Neurológico,0.311,0.0536,0.3
a269,Patologia_269,Respiratorio,0.0114,0.3536,0.3
a270,Patologia_270,Neurológico,0.0459,0.28,0.3
a271,Patologia_271,Inmunológico,0.2209,0.2027,0.3
a272,Patologia_272,Respiratorio,0.0549,0.2492,0.3
a273,Patologia_273,Digestivo,0.1505,0.4546,0.3
a274,Patologia_274,Respiratorio,0.0381,0.351,0.3
a275,Patologia_275,Digestivo,0.2061,0.2586,0.3
a276,Patologia_276,Neurológico,0.1358,0.1788,0.3
a277,Patologia_277,Cardiovascular,0.0823,0.2357,0.3
a278,Patologia_278,Respiratorio,0.2278,0.1376,0.3
a279,Patologia_279,Inmunológico,0.1188,0.3491,0.3
a280,Patologia_280,Respiratorio,0.3733,0.1699,0.3
a281,Patologia_281,Neurológico,0.0104,0.46,0.3
a282,Patologia_282,Respiratorio,0.1978,0.2067,0.3
a283,Patologia_283,Cardiovascular,0.026,0.1782,0.3
a284,Patologia_284,Digestivo,0.0481,0.2306,0.3
a285,Patologia_285,Digestivo,0.2333,0.4921,0.3
a286,Patologia_286,Inmunológico,0.0863,0.2042,0.3
a287,Patologia_287,Cardiovascular,0.3149,0.3462,0.3
a288,Patologia_288,Cardiovascular,0.2128,0.4532,0.3
a289,Patologia_289,Respiratorio,0.2322,0.2032,0.3
a290,Patologia_290,Neurológico,0.179,0.2425,0.3
a291,Patologia_291,Inmunológico,0.3836,0.3088,0.3
a292,Patologia_292,Neurológico,0.1402,0.1117,0.3
a293,Patologia_293,Cardiovascular,0.0671,0.1369,0.3
a294,Patologia_294,Inmunológico,0.0164,0.3461,0.3
a295,Patologia_295,Respiratorio,0.2653,0.3974,0.3
a296,Patologia_296,Neurológico,0.2415,0.3207,0.3
a297,Patologia_297,Digestivo,0.1858,0.1017,0.3
a298,Patologia_298,Respiratorio,0.22,0.3904,0.3
a299,Patologia_299,Neurológico,0.4123,0.4085,0.3
a300,Patologia_300,Inmunológico,0.2776,0.4607,0.3
a301,Patologia_301,Inmunológico,0.1682,0.6324,0.3
a302,Patologia_302,Inmunológico,0.1323,0.1324,0.3
a303,Patologia_303,Cardiovascular,0.3138,0.5519,0.3
a304,Patologia_304,Digestivo,0.1323,0.2491,0.3
a305,Patologia_305,Neurológico,0.2334,0.3227,0.3
a306,Patologia_306,Respiratorio,0.0546,0.2998,0.3
a307,Patologia_307,Respiratorio,0.3358,0.6226,0.3
a308,Patologia_308,Cardiovascular,0.1808,0.4099,0.3
a309,Patologia_309,Inmunológico,0.2014,0.1542,0.3
a310,Patologia_310,Cardiovascular,0.0993,0.3379,0.3
a311,Patologia_311,Neurológico,0.1103,0.3504,0.3
a312,Patologia_312,Cardiovascular,0.1323,0.4112,0.3
a313,Patologia_313,Respiratorio,0.2683,0.3045,0.3
a314,Patologia_314,Digestivo,0.1666,0.3516,0.3
a315,Patologia_315,Cardiovascular,0.1777,0.1156,0.3
a316,Patologia_316,Cardiovascular,0.1856,0.2115,0.3
a317,Patologia_317,Neurológico,0.1533,0.3262,0.3
a318,Patologia_318,Digestivo,0.0435,0.1414,0.3
a319,Patologia_319,Inmunológico,0.0926,0.1045,0.3
a320,Patologia_320,Neurológico,0.0983,0.4412,0.3
a321,Patologia_321,Neurológico,0.0927,0.3391,0.3
a322,Patologia_322,Inmunológico,0.1977,0.2098,0.3
a323,Patologia_323,Neurológico,0.0864,0.1344,0.3
a324,Patologia_324,Respiratorio,0.1803,0.1593,0.3
a325,Patologia_325,Digestivo,0.3403,0.0831,0.3
a326,Patologia_326,Inmunológico,0.325,0.3218,0.3
a327,Patologia_327,Cardiovascular,0.0995,0.3215,0.3
a328,Patologia_328,Neurológico,0.0763,0.2766,0.3
a329,Patologia_329,Inmunológico,0.369,0.3705,0.3
a330,Patologia_330,Inmunológico,0.1542,0.2445,0.3
a331,Patologia_331,Neurológico,0.1923,0.164,0.3
a332,Patologia_332,Inmunológico,0.0517,0.3747,0.3
a333,Patologia_333,Digestivo,0.0497,0.1003,0.3
a334,Patologia_334,Respiratorio,0.1691,0.2612,0.3
a335,Patologia_335,Respiratorio,0.0923,0.4241,0.3
a336,Patologia_336,Inmunológico,0.2784,0.3366,0.3
a337,Patologia_337,Digestivo,0.176,0.313,0.3
a338,Patologia_338,Neurológico,0.0243,0.0546,0.3
a339,Patologia_339,Inmunológico,0.0858,0.2486,0.3
a340,Patologia_340,Neurológico,0.3365,0.4598,0.3
a341,Patologia_341,Respiratorio,0.1075,0.4856,0.3
a342,Patologia_342,Inmunológico,0.1651,0.2123,0.3
a343,Patologia_343,Neurológico,0.3571,0.2306,0.3
a344,Patologia_344,Respiratorio,0.0928,0.1757,0.3
a345,Patologia_345,Digestivo,0.1576,0.1191,0.3
a346,Patologia_346,Digestivo,0.3588,0.0984,0.3
a347,Patologia_347,Inmunológico,0.2969,0.1542,0.3
a348,Patologia_348,Cardiovascular,0.0781,0.183,0.3
a349,Patologia_349,Digestivo,0.2368,0.323,0.3
a350,Patologia_350,Respiratorio,0.1497,0.1163,0.3
a351,Patologia_351,Neurológico,0.0993,0.2922,0.3
a352,Patologia_352,Cardiovascular,0.0552,0.1833,0.3
a353,Patologia_353,Inmunológico,0.1234,0.2135,0.3
a354,Patologia_354,Digestivo,0.1771,0.1857,0.3
a355,Patologia_355,Cardiovascular,0.11,0.424,0.3
a356,Patologia_356,Digestivo,0.0809,0.4522,0.3
a357,Patologia_357,Digestivo,0.2589,0.2415,0.3
a358,Patologia_358,Neurológico,0.3064,0.165,0.3
a359,Patologia_359,Neurológico,0.274,0.1864,0.3
a360,Patologia_360,Neurológico,0.261,0.4147,0.3
a361,Patologia_361,Digestivo,0.1011,0.1744,0.3
a362,Patologia_362,Neurológico,0.0058,0.4227,0.3
a363,Patologia_363,Digestivo,0.1424,0.4113,0.3
a364,Patologia_364,Inmunológico,0.2114,0.2244,0.3
a365,Patologia_365,Respiratorio,0.1331,0.2932,0.3
a366,Patologia_366,Respiratorio,0.2499,0.27,0.3
a367,Patologia_367,Cardiovascular,0.206,0.2226,0.3
a368,Patologia_368,Neurológico,0.2132,0.0943,0.3
a369,Patologia_369,Inmunológico,0.1072,0.3199,0.3
a370,Patologia_370,Inmunológico,0.0859,0.3488,0.3
a371,Patologia_371,Respiratorio,0.0201,0.3575,0.3
a372,Patologia_372,Neurológico,0.1637,0.5735,0.3
a373,Patologia_373,Respiratorio,0.2427,0.4495,0.3
a374,Patologia_374,Cardiovascular,0.0644,0.5173,0.3
a375,Patologia_375,Digestivo,0.3234,0.414,0.3
a376,Patologia_376,Inmunológico,0.2004,0.1085,0.3
a377,Patologia_377,Inmunológico,0.1605,0.0725,0.3
a378,Patologia_378,Respiratorio,0.0653,0.211,0.3
a379,Patologia_379,Cardiovascular,0.0619,0.5108,0.3
a380,Patologia_380,Inmunológico,0.0574,0.3087,0.3
a381,Patologia_381,Cardiovascular,0.0391,0.3123,0.3
a382,Patologia_382,Digestivo,0.2816,0.4561,0.3
a383,Patologia_383,Respiratorio,0.0746,0.1204,0.3
a384,Patologia_384,Respiratorio,0.1827,0.3661,0.3
a385,Patologia_385,Respiratorio,0.2189,0.2585,0.3
a386,Patologia_386,Cardiovascular,0.0479,0.2392,0.3
a387,Patologia_387,Neurológico,0.3612,0.267,0.3
a388,Patologia_388,Respiratorio,0.1782,0.1987,0.3
a389,Patologia_389,Cardiovascular,0.0893,0.2514,0.3
a390,Patologia_390,Cardiovascular,0.1238,0.0892,0.3
a391,Patologia_391,Digestivo,0.2822,0.3324,0.3
a392,Patologia_392,Respiratorio,0.0376,0.2804,0.3
a393,Patologia_393,Neurológico,0.4209,0.3641,0.3
a394,Patologia_394,Cardiovascular,0.2581,0.2297,0.3
a395,Patologia_395,Neurológico,0.1658,0.317,0.3
a396,Patologia_396,Neurológico,0.3147,0.3873,0.3
a397,Patologia_397,Inmunológico,0.2353,0.1943,0.3
a398,Patologia_398,Neurológico,0.1742,0.1166,0.3
a399,Patologia_399,Inmunológico,0.1107,0.3229,0.3
a400,Patologia_400,Cardiovascular,0.163,0.0867,0.3
a401,Patologia_401,Neurológico,0.3835,0.1906,0.3
a402,Patologia_402,Respiratorio,0.1505,0.3108,0.3
a403,Patologia_403,Inmunológico,0.0228,0.216,0.3
a404,Patologia_404,Neurológico,0.1431,0.166,0.3
a405,Patologia_405,Inmunológico,0.174,0.4648,0.3
a406,Patologia_406,Digestivo,0.1179,0.1737,0.3
a407,Patologia_407,Respiratorio,0.1743,0.2393,0.3
a408,Patologia_408,Neurológico,0.3435,0.2473,0.3
a409,Patologia_409,Neurológico,0.0542,0.4189,0.3
a410,Patologia_410,Neurológico,0.2505,0.4419,0.3
a411,Patologia_411,Inmunológico,0.1555,0.6867,0.3
a412,Patologia_412,Respiratorio,0.0676,0.2461,0.3
a413,Patologia_413,Cardiovascular,0.3734,0.4518,0.3
a414,Patologia_414,Respiratorio,0.1094,0.2605,0.3
a415,Patologia_415,Digestivo,0.1559,0.145,0.3
a416,Patologia_416,Cardiovascular,0.2184,0.2299,0.3
a417,Patologia_417,Inmunológico,0.1868,0.0434,0.3
a418,Patologia_418,Neurológico,0.0291,0.2643,0.3
a419,Patologia_419,Inmunológico,0.233,0.1868,0.3
a420,Patologia_420,Cardiovascular,0.1502,0.1173,0.3
a421,Patologia_421,Digestivo,0.0403,0.08,0.3
a422,Patologia_422,Cardiovascular,0.2576,0.4815,0.3
a423,Patologia_423,Neurológico,0.1071,0.1317,0.3
a424,Patologia_424,Cardiovascular,0.1522,0.1289,0.3
a425,Patologia_425,Cardiovascular,0.1561,0.1215,0.3
a426,Patologia_426,Digestivo,0.1232,0.1252,0.3
a427,Patologia_427,Respiratorio,0.1637,0.5574,0.3
a428,Patologia_428,Digestivo,0.0234,0.304,0.3
a429,Patologia_429,Respiratorio,0.0912,0.4808,0.3
a430,Patologia_430,Digestivo,0.2041,0.3729,0.3
a431,Patologia_431,Cardiovascular,0.23,0.2707,0.3
a432,Patologia_432,Neurológico,0.1712,0.2304,0.3
a433,Patologia_433,Neurológico,0.172,0.3158,0.3
a434,Patologia_434,Respiratorio,0.1849,0.345,0.3
a435,Patologia_435,Respiratorio,0.1319,0.116,0.3
a436,Patologia_436,Inmunológico,0.0635,0.2025,0.3
a437,Patologia_437,Digestivo,0.1245,0.2084,0.3
a438,Patologia_438,Inmunológico,0.19,0.4922,0.3
a439,Patologia_439,Cardiovascular,0.229,0.4133,0.3
a440,Patologia_440,Digestivo,0.3127,0.4183,0.3
a441,Patologia_441,Digestivo,0.1636,0.1853,0.3
a442,Patologia_442,Neurológico,0.0725,0.2349,0.3
a443,Patologia_443,Digestivo,0.1312,0.3542,0.3
a444,Patologia_444,Cardiovascular,0.1603,0.272,0.3
a445,Patologia_445,Respiratorio,0.0829,0.1939,0.3
a446,Patologia_446,Inmunológico,0.0704,0.1068,0.3
a447,Patologia_447,Digestivo,0.1446,0.3938,0.3
a448,Patologia_448,Respiratorio,0.2118,0.5247,0.3
a449,Patologia_449,Neurológico,0.1992,0.2235,0.3
a450,Patologia_450,Neurológico,0.03,0.6117,0.3
a451,Patologia_451,Inmunológico,0.0162,0.1862,0.3
a452,Patologia_452,Inmunológico,0.2414,0.2519,0.3
a453,Patologia_453,Inmunológico,0.1171,0.0556,0.3
a454,Patologia_454,Neurológico,0.0265,0.2665,0.3
a455,Patologia_455,Digestivo,0.1605,0.1996,0.3
a456,Patologia_456,Neurológico,0.1609,0.6152,0.3
a457,Patologia_457,Inmunológico,0.0847,0.5094,0.3
a458,Patologia_458,Inmunológico,0.1967,0.196,0.3
a459,Patologia_459,Cardiovascular,0.2568,0.2106,0.3
a460,Patologia_460,Cardiovascular,0.158,0.1556,0.3
a461,Patologia_461,Digestivo,0.1547,0.1151,0.3
a462,Patologia_462,Neurológico,0.1766,0.1756,0.3
a463,Patologia_463,Inmunológico,0.0331,0.0769,0.3
a464,Patologia_464,Neurológico,0.212,0.4113,0.3
a465,Patologia_465,Neurológico,0.0256,0.1475,0.3
a466,Patologia_466,Inmunológico,0.0698,0.3522,0.3
a467,Patologia_467,Neurológico,0.2214,0.1419,0.3
a468,Patologia_468,Neurológico,0.2133,0.3746,0.3
a469,Patologia_469,Respiratorio,0.153,0.2007,0.3
a470,Patologia_470,Digestivo,0.1659,0.0942,0.3
a471,Patologia_471,Inmunológico,0.065,0.3817,0.3
a472,Patologia_472,Cardiovascular,0.324,0.1364,0.3
a473,Patologia_473,Digestivo,0.2323,0.1807,0.3
a474,Patologia_474,Neurológico,0.193,0.4935,0.3
a475,Patologia_475,Neurológico,0.2628,0.276,0.3
a476,Patologia_476,Cardiovascular,0.0217,0.2102,0.3
a477,Patologia_477,Inmunológico,0.1633,0.1985,0.3
a478,Patologia_478,Digestivo,0.1095,0.1342,0.3
a479,Patologia_479,Digestivo,0.1235,0.5871,0.3
a480,Patologia_480,Neurológico,0.1831,0.5046,0.3
a481,Patologia_481,Inmunológico,0.5405,0.0737,0.3
a482,Patologia_482,Neurológico,0.0036,0.4441,0.3
a483,Patologia_483,Respiratorio,0.1749,0.4951,0.3
a484,Patologia_484,Digestivo,0.0708,0.2446,0.3
a485,Patologia_485,Neurológico,0.1945,0.251,0.3
a486,Patologia_486,Neurológico,0.0764,0.1982,0.3
a487,Patologia_487,Neurológico,0.1369,0.22,0.3
a488,Patologia_488,Digestivo,0.0106,0.2559,0.3
a489,Patologia_489,Respiratorio,0.1556,0.6096,0.3
a490,Patologia_490,Cardiovascular,0.1099,0.0875,0.3
a491,Patologia_491,Inmunológico,0.3485,0.2269,0.3
a492,Patologia_492,Inmunológico,0.155,0.297,0.3
a493,Patologia_493,Respiratorio,0.0363,0.3415,0.3
a494,Patologia_494,Neurológico,0.2605,0.2189,0.3
a495,Patologia_495,Inmunológico,0.0838,0.1252,0.3
a496,Patologia_496,Cardiovascular,0.1451,0.1923,0.3
a497,Patologia_497,Cardiovascular,0.0795,0.1906,0.3
a498,Patologia_498,Digestivo,0.0969,0.2941,0.3
a499,Patologia_499,Cardiovascular,0.1113,0.2161,0.3
a500,Patologia_500,Respiratorio,0.1826,0.1846,0.3
a501,Patologia_501,Digestivo,0.0921,0.381,0.3
a502,Patologia_502,Neurológico,0.1337,0.1414,0.3
a503,Patologia_503,Neurológico,0.0705,0.2065,0.3
a504,Patologia_504,Cardiovascular,0.065,0.1022,0.3
a505,Patologia_505,Inmunológico,0.1342,0.2719,0.3
a506,Patologia_506,Respiratorio,0.2849,0.1931,0.3
a507,Patologia_507,Cardiovascular,0.1771,0.4663,0.3
a508,Patologia_508,Respiratorio,0.0695,0.1767,0.3
a509,Patologia_509,Cardiovascular,0.2249,0.3795,0.3
a510,Patologia_510,Inmunológico,0.1566,0.238,0.3
a511,Patologia_511,Digestivo,0.2225,0.2935,0.3
a512,Patologia_512,Digestivo,0.173,0.1694,0.3
a513,Patologia_513,Respiratorio,0.1259,0.3648,0.3
a514,Patologia_514,Digestivo,0.0415,0.1844,0.3
a515,Patologia_515,Respiratorio,0.0713,0.268,0.3
a516,Patologia_516,Inmunológico,0.26,0.1183,0.3
a517,Patologia_517,Inmunológico,0.2106,0.1443,0.3
a518,Patologia_518,Cardiovascular,0.1523,0.1613,0.3
a519,Patologia_519,Inmunológico,0.1833,0.0647,0.3
a520,Patologia_520,Inmunológico,0.0397,0.4751,0.3
a521,Patologia_521,Digestivo,0.0576,0.1597,0.3
a522,Patologia_522,Neurológico,0.0869,0.2638,0.3
a523,Patologia_523,Digestivo,0.2302,0.3382,0.3
a524,Patologia_524,Digestivo,0.2034,0.541,0.3
a525,Patologia_525,Inmunológico,0.2937,0.3884,0.3
a526,Patologia_526,Respiratorio,0.0273,0.2205,0.3
a527,Patologia_527,Neurológico,0.0836,0.3657,0.3
a528,Patologia_528,Inmunológico,0.1041,0.2452,0.3
a529,Patologia_529,Cardiovascular,0.2255,0.1695,0.3
a530,Patologia_530,Respiratorio,0.0845,0.2946,0.3
a531,Patologia_531,Cardiovascular,0.027,0.498,0.3
a532,Patologia_532,Digestivo,0.378,0.2693,0.3
a533,Patologia_533,Digestivo,0.1073,0.1776,0.3
a534,Patologia_534,Digestivo,0.2223,0.1577,0.3
a535,Patologia_535,Cardiovascular,0.1306,0.1514,0.3
a536,Patologia_536,Respiratorio,0.0982,0.2255,0.3
a537,Patologia_537,Respiratorio,0.299,0.2349,0.3
a538,Patologia_538,Respiratorio,0.139,0.3499,0.3
a539,Patologia_539,Respiratorio,0.0648,0.3048,0.3
a540,Patologia_540,Respiratorio,0.3277,0.2806,0.3
a541,Patologia_541,Inmunológico,0.0985,0.3635,0.3
a542,Patologia_542,Digestivo,0.0406,0.2046,0.3
a543,Patologia_543,Neurológico,0.0644,0.1775,0.3
a544,Patologia_544,Digestivo,0.2153,0.1069,0.3
a545,Patologia_545,Respiratorio,0.1578,0.2519,0.3
a546,Patologia_546,Digestivo,0.1411,0.1328,0.3
a547,Patologia_547,Cardiovascular,0.2463,0.0881,0.3
a548,Patologia_548,Respiratorio,0.1734,0.3338,0.3
a549,Patologia_549,Cardiovascular,0.1114,0.1627,0.3
a550,Patologia_550,Inmunológico,0.2342,0.4497,0.3
a551,Patologia_551,Respiratorio,0.2861,0.2328,0.3
a552,Patologia_552,Inmunológico,0.2793,0.0775,0.3
a553,Patologia_553,Respiratorio,0.0982,0.122,0.3
a554,Patologia_554,Digestivo,0.3399,0.2203,0.3
a555,Patologia_555,Cardiovascular,0.2918,0.1964,0.3
a556,Patologia_556,Neurológico,0.0627,0.2114,0.3
a557,Patologia_557,Digestivo,0.2411,0.4325,0.3
a558,Patologia_558,Respiratorio,0.1064,0.0353,0.3
a559,Patologia_559,Inmunológico,0.0926,0.2598,0.3
a560,Patologia_560,Respiratorio,0.1672,0.3358,0.3
a561,Patologia_561,Cardiovascular,0.2933,0.2318,0.3
a562,Patologia_562,Digestivo,0.3103,0.3869,0.3
a563,Patologia_563,Cardiovascular,0.2859,0.2969,0.3
a564,Patologia_564,Respiratorio,0.1326,0.1406,0.3
a565,Patologia_565,Digestivo,0.162,0.0874,0.3
a566,Patologia_566,Cardiovascular,0.0614,0.1857,0.3
a567,Patologia_567,Inmunológico,0.1012,0.1668,0.3
a568,Patologia_568,Inmunológico,0.366,0.3767,0.3
a569,Patologia_569,Inmunológico,0.2359,0.1219,0.3
a570,Patologia_570,Cardiovascular,0.3873,0.2419,0.3
a571,Patologia_571,Cardiovascular,0.2296,0.1836,0.3
a572,Patologia_572,Digestivo,0.0342,0.1119,0.3
a573,Patologia_573,Inmunológico,0.3548,0.3999,0.3
a574,Patologia_574,Inmunológico,0.0722,0.2467,0.3
a575,Patologia_575,Digestivo,0.5477,0.4693,0.3
a576,Patologia_576,Digestivo,0.1737,0.2468,0.3
a577,Patologia_577,Neurológico,0.1961,0.3509,0.3
a578,Patologia_578,Inmunológico,0.0869,0.3459,0.3
a579,Patologia_579,Cardiovascular,0.1037,0.2752,0.3
a580,Patologia_580,Digestivo,0.1332,0.4512,0.3
a581,Patologia_581,Cardiovascular,0.0387,0.4664,0.3
a582,Patologia_582,Neurológico,0.1039,0.3512,0.3
a583,Patologia_583,Digestivo,0.0819,0.1932,0.3
a584,Patologia_584,Digestivo,0.1919,0.478,0.3
a585,Patologia_585,Neurológico,0.0818,0.283,0.3
a586,Patologia_586,Inmunológico,0.1424,0.2467,0.3
a587,Patologia_587,Respiratorio,0.0981,0.1175,0.3
a588,Patologia_588,Respiratorio,0.0539,0.3965,0.3
a589,Patologia_589,Digestivo,0.2037,0.1749,0.3
a590,Patologia_590,Cardiovascular,0.1288,0.2377,0.3
a591,Patologia_591,Neurológico,0.1216,0.3052,0.3
a592,Patologia_592,Neurológico,0.115,0.3961,0.3
a593,Patologia_593,Digestivo,0.2601,0.1175,0.3
a594,Patologia_594,Digestivo,0.0959,0.0341,0.3
a595,Patologia_595,Cardiovascular,0.0757,0.0522,0.3
a596,Patologia_596,Neurológico,0.1765,0.5077,0.3
a597,Patologia_597,Respiratorio,0.299,0.4042,0.3
a598,Patologia_598,Inmunológico,0.1011,0.2278,0.3
a599,Patologia_599,Inmunológico,0.257,0.1633,0.3
a600,Patologia_600,Digestivo,0.0053,0.4401,0.3
a601,Patologia_601,Neurológico,0.112,0.279,0.3
a602,Patologia_602,Inmunológico,0.138,0.5552,0.3
a603,Patologia_603,Digestivo,0.1957,0.425,0.3
a604,Patologia_604,Digestivo,0.1454,0.0687,0.3
a605,Patologia_605,Cardiovascular,0.0643,0.0488,0.3
a606,Patologia_606,Inmunológico,0.3682,0.361,0.3
a607,Patologia_607,Neurológico,0.1137,0.1044,0.3
a608,Patologia_608,Respiratorio,0.1428,0.2672,0.3
a609,Patologia_609,Inmunológico,0.173,0.0511,0.3
a610,Patologia_610,Neurológico,0.1265,0.2923,0.3
a611,Patologia_611,Digestivo,0.1901,0.15,0.3
a612,Patologia_612,Cardiovascular,0.0871,0.1574,0.3
a613,Patologia_613,Digestivo,0.2062,0.2226,0.3
a614,Patologia_614,Neurológico,0.076,0.5889,0.3
a615,Patologia_615,Inmunológico,0.3127,0.385,0.3
a616,Patologia_616,Neurológico,0.2189,0.0635,0.3
a617,Patologia_617,Cardiovascular,0.3795,0.2087,0.3
a618,Patologia_618,Neurológico,0.1326,0.3324,0.3
a619,Patologia_619,Inmunológico,0.3745,0.103,0.3
a620,Patologia_620,Neurológico,0.1698,0.4605,0.3
a621,Patologia_621,Cardiovascular,0.2784,0.4508,0.3
a622,Patologia_622,Inmunológico,0.0789,0.206,0.3
a623,Patologia_623,Respiratorio,0.2218,0.3459,0.3
a624,Patologia_624,Cardiovascular,0.1296,0.2895,0.3
a625,Patologia_625,Respiratorio,0.1883,0.2612,0.3
a626,Patologia_626,Digestivo,0.1504,0.3542,0.3
a627,Patologia_627,Digestivo,0.1447,0.4033,0.3
a628,Patologia_628,Inmunológico,0.0986,0.2505,0.3
a629,Patologia_629,Respiratorio,0.1765,0.2388,0.3
a630,Patologia_630,Respiratorio,0.2636,0.1303,0.3
a631,Patologia_631,Respiratorio,0.2638,0.0553,0.3
a632,Patologia_632,Inmunológico,0.2407,0.1954,0.3
a633,Patologia_633,Cardiovascular,0.1453,0.2209,0.3
a634,Patologia_634,Respiratorio,0.3256,0.3638,0.3
a635,Patologia_635,Cardiovascular,0.2527,0.2009,0.3
a636,Patologia_636,Cardiovascular,0.1167,0.1235,0.3
a637,Patologia_637,Neurológico,0.2515,0.2922,0.3
a638,Patologia_638,Digestivo,0.2488,0.1061,0.3
a639,Patologia_639,Digestivo,0.1484,0.2758,0.3
a640,Patologia_640,Respiratorio,0.142,0.4102,0.3
a641,Patologia_641,Cardiovascular,0.1806,0.2545,0.3
a642,Patologia_642,Cardiovascular,0.0995,0.2741,0.3
a643,Patologia_643,Digestivo,0.2271,0.1406,0.3
a644,Patologia_644,Respiratorio,0.2985,0.2152,0.3
a645,Patologia_645,Neurológico,0.3934,0.2478,0.3
a646,Patologia_646,Respiratorio,0.3088,0.3657,0.3
a647,Patologia_647,Neurológico,0.0646,0.4015,0.3
a648,Patologia_648,Digestivo,0.1302,0.2807,0.3
a649,Patologia_649,Inmunológico,0.1382,0.4133,0.3
a650,Patologia_650,Digestivo,0.1469,0.3856,0.3
a651,Patologia_651,Inmunológico,0.1142,0.1518,0.3
a652,Patologia_652,Neurológico,0.0908,0.1153,0.3
a653,Patologia_653,Digestivo,0.0932,0.2894,0.3
a654,Patologia_654,Cardiovascular,0.1562,0.2855,0.3
a655,Patologia_655,Inmunológico,0.112,0.1182,0.3
a656,Patologia_656,Inmunológico,0.1623,0.1305,0.3
a657,Patologia_657,Digestivo,0.2612,0.196,0.3
a658,Patologia_658,Inmunológico,0.0885,0.3518,0.3
a659,Patologia_659,Respiratorio,0.219,0.3134,0.3
a660,Patologia_660,Digestivo,0.1047,0.2869,0.3
a661,Patologia_661,Inmunológico,0.1717,0.0927,0.3
a662,Patologia_662,Digestivo,0.0333,0.5521,0.3
a663,Patologia_663,Inmunológico,0.2074,0.388,0.3
a664,Patologia_664,Digestivo,0.1405,0.4845,0.3
a665,Patologia_665,Inmunológico,0.227,0.0428,0.3
a666,Patologia_666,Inmunológico,0.2717,0.367,0.3
a667,Patologia_667,Neurológico,0.0537,0.3131,0.3
a668,Patologia_668,Inmunológico,0.1866,0.1253,0.3
a669,Patologia_669,Inmunológico,0.2277,0.2726,0.3
a670,Patologia_670,Respiratorio,0.2877,0.0664,0.3
a671,Patologia_671,Neurológico,0.1931,0.1227,0.3
a672,Patologia_672,Digestivo,0.099,0.1767,0.3
a673,Patologia_673,Inmunológico,0.1526,0.3146,0.3
a674,Patologia_674,Respiratorio,0.2269,0.2097,0.3
a675,Patologia_675,Digestivo,0.0729,0.1588,0.3
a676,Patologia_676,Neurológico,0.2495,0.2362,0.3
a677,Patologia_677,Digestivo,0.2469,0.1193,0.3
a678,Patologia_678,Inmunológico,0.0986,0.245,0.3
a679,Patologia_679,Respiratorio,0.1385,0.0773,0.3
a680,Patologia_680,Digestivo,0.3804,0.4814,0.3
a681,Patologia_681,Digestivo,0.0811,0.1021,0.3
a682,Patologia_682,Inmunológico,0.1964,0.5062,0.3
a683,Patologia_683,Digestivo,0.2639,0.2244,0.3
a684,Patologia_684,Digestivo,0.0948,0.1577,0.3
a685,Patologia_685,Neurológico,0.0623,0.2851,0.3
a686,Patologia_686,Inmunológico,0.2449,0.4644,0.3
a687,Patologia_687,Cardiovascular,0.0948,0.1645,0.3
a688,Patologia_688,Neurológico,0.0258,0.2176,0.3
a689,Patologia_689,Digestivo,0.1111,0.3731,0.3
a690,Patologia_690,Inmunológico,0.0785,0.5588,0.3
a691,Patologia_691,Cardiovascular,0.167,0.7284,0.3
a692,Patologia_692,Cardiovascular,0.0374,0.3048,0.3
a693,Patologia_693,Cardiovascular,0.0354,0.2191,0.3
a694,Patologia_694,Respiratorio,0.0655,0.1389,0.3
a695,Patologia_695,Respiratorio,0.3848,0.0934,0.3
a696,Patologia_696,Neurológico,0.2022,0.0982,0.3
a697,Patologia_697,Cardiovascular,0.0651,0.1247,0.3
a698,Patologia_698,Cardiovascular,0.3816,0.3116,0.3
a699,Patologia_699,Inmunológico,0.1956,0.2071,0.3
a700,Patologia_700,Respiratorio,0.3867,0.4234,0.3
a701,Patologia_701,Respiratorio,0.2399,0.0842,0.3
a702,Patologia_702,Cardiovascular,0.2388,0.1128,0.3
a703,Patologia_703,Neurológico,0.1391,0.146,0.3
a704,Patologia_704,Inmunológico,0.044,0.2492,0.3
a705,Patologia_705,Cardiovascular,0.0885,0.1773,0.3
a706,Patologia_706,Respiratorio,0.2661,0.4522,0.3
a707,Patologia_707,Neurológico,0.0465,0.3496,0.3
a708,Patologia_708,Neurológico,0.0561,0.1604,0.3
a709,Patologia_709,Digestivo,0.0174,0.3023,0.3
a710,Patologia_710,Inmunológico,0.0342,0.2381,0.3
a711,Patologia_711,Digestivo,0.1206,0.4975,0.3
a712,Patologia_712,Respiratorio,0.3134,0.2196,0.3
a713,Patologia_713,Inmunológico,0.1988,0.1582,0.3
a714,Patologia_714,Inmunológico,0.3228,0.1629,0.3
a715,Patologia_715,Neurológico,0.3939,0.125,0.3
a716,Patologia_716,Cardiovascular,0.2192,0.1778,0.3
a717,Patologia_717,Respiratorio,0.0645,0.3702,0.3
a718,Patologia_718,Neurológico,0.3133,0.4119,0.3
a719,Patologia_719,Digestivo,0.289,0.072,0.3
a720,Patologia_720,Neurológico,0.1225,0.1154,0.3
a721,Patologia_721,Cardiovascular,0.1776,0.2471,0.3
a722,Patologia_722,Digestivo,0.2812,0.2216,0.3
a723,Patologia_723,Inmunológico,0.2317,0.0651,0.3
a724,Patologia_724,Cardiovascular,0.0596,0.2221,0.3
a725,Patologia_725,Cardiovascular,0.2556,0.3001,0.3
a726,Patologia_726,Inmunológico,0.0714,0.1706,0.3
a727,Patologia_727,Neurológico,0.1069,0.1455,0.3
a728,Patologia_728,Neurológico,0.041,0.2682,0.3
a729,Patologia_729,Cardiovascular,0.4758,0.6377,0.3
a730,Patologia_730,Respiratorio,0.1805,0.2398,0.3
a731,Patologia_731,Respiratorio,0.0711,0.3909,0.3
a732,Patologia_732,Digestivo,0.3049,0.0416,0.3
a733,Patologia_733,Cardiovascular,0.1416,0.4451,0.3
a734,Patologia_734,Respiratorio,0.1057,0.3124,0.3
a735,Patologia_735,Respiratorio,0.1314,0.259,0.3
a736,Patologia_736,Cardiovascular,0.2494,0.5568,0.3
a737,Patologia_737,Inmunológico,0.0862,0.3095,0.3
a738,Patologia_738,Digestivo,0.2184,0.1047,0.3
a739,Patologia_739,Cardiovascular,0.071,0.2202,0.3
a740,Patologia_740,Cardiovascular,0.1287,0.2451,0.3
a741,Patologia_741,Respiratorio,0.0677,0.1982,0.3
a742,Patologia_742,Neurológico,0.1322,0.3507,0.3
a743,Patologia_743,Respiratorio,0.2193,0.2078,0.3
a744,Patologia_744,Neurológico,0.0582,0.3156,0.3
a745,Patologia_745,Inmunológico,0.2243,0.6233,0.3
a746,Patologia_746,Neurológico,0.0668,0.3059,0.3
a747,Patologia_747,Digestivo,0.314,0.2292,0.3
a748,Patologia_748,Inmunológico,0.3229,0.1873,0.3
a749,Patologia_749,Neurológico,0.4282,0.5328,0.3
a750,Patologia_750,Neurológico,0.3015,0.1937,0.3
a751,Patologia_751,Cardiovascular,0.4211,0.2841,0.3
a752,Patologia_752,Digestivo,0.1195,0.2435,0.3
a753,Patologia_753,Respiratorio,0.0616,0.386,0.3
a754,Patologia_754,Respiratorio,0.0745,0.2267,0.3
a755,Patologia_755,Inmunológico,0.1197,0.279,0.3
a756,Patologia_756,Respiratorio,0.1793,0.182,0.3
a757,Patologia_757,Inmunológico,0.2154,0.151,0.3
a758,Patologia_758,Inmunológico,0.1244,0.0778,0.3
a759,Patologia_759,Respiratorio,0.1592,0.1085,0.3
a760,Patologia_760,Respiratorio,0.0267,0.2639,0.3
a761,Patologia_761,Respiratorio,0.2392,0.4073,0.3
a762,Patologia_762,Respiratorio,0.2033,0.4554,0.3
a763,Patologia_763,Digestivo,0.0224,0.4931,0.3
a764,Patologia_764,Cardiovascular,0.083,0.2344,0.3
a765,Patologia_765,Digestivo,0.0951,0.1021,0.3
a766,Patologia_766,Inmunológico,0.1654,0.2435,0.3
a767,Patologia_767,Neurológico,0.1653,0.2535,0.3
a768,Patologia_768,Respiratorio,0.1637,0.3804,0.3
a769,Patologia_769,Respiratorio,0.2221,0.4925,0.3
a770,Patologia_770,Inmunológico,0.3126,0.1965,0.3
a771,Patologia_771,Inmunológico,0.3504,0.0859,0.3
a772,Patologia_772,Respiratorio,0.2876,0.1019,0.3
a773,Patologia_773,Respiratorio,0.2762,0.2184,0.3
a774,Patologia_774,Inmunológico,0.0592,0.2915,0.3
a775,Patologia_775,Digestivo,0.1435,0.1871,0.3
a776,Patologia_776,Respiratorio,0.1291,0.3492,0.3
a777,Patologia_777,Respiratorio,0.0807,0.4141,0.3
a778,Patologia_778,Inmunológico,0.1205,0.3025,0.3
a779,Patologia_779,Inmunológico,0.1555,0.1463,0.3
a780,Patologia_780,Cardiovascular,0.2856,0.2229,0.3
a781,Patologia_781,Neurológico,0.114,0.1458,0.3
a782,Patologia_782,Neurológico,0.1754,0.1385,0.3
a783,Patologia_783,Inmunológico,0.0781,0.203,0.3
a784,Patologia_784,Digestivo,0.1478,0.3866,0.3
a785,Patologia_785,Respiratorio,0.1014,0.3054,0.3
a786,Patologia_786,Cardiovascular,0.1077,0.5312,0.3
a787,Patologia_787,Cardiovascular,0.0775,0.5711,0.3
a788,Patologia_788,Inmunológico,0.11,0.1584,0.3
a789,Patologia_789,Cardiovascular,0.1565,0.1068,0.3
a790,Patologia_790,Respiratorio,0.0776,0.2728,0.3
a791,Patologia_791,Digestivo,0.101,0.4254,0.3
a792,Patologia_792,Inmunológico,0.0499,0.2673,0.3
a793,Patologia_793,Digestivo,0.1246,0.4219,0.3
a794,Patologia_794,Inmunológico,0.202,0.3684,0.3
a795,Patologia_795,Respiratorio,0.4622,0.2572,0.3
a796,Patologia_796,Inmunológico,0.0695,0.2643,0.3
a797,Patologia_797,Neurológico,0.1705,0.3103,0.3
a798,Patologia_798,Inmunológico,0.2628,0.1101,0.3
a799,Patologia_799,Neurológico,0.1431,0.3111,0.3
a800,Patologia_800,Respiratorio,0.147,0.3631,0.3
a801,Patologia_801,Digestivo,0.2624,0.1119,0.3
a802,Patologia_802,Cardiovascular,0.1315,0.4579,0.3
a803,Patologia_803,Cardiovascular,0.4162,0.159,0.3
a804,Patologia_804,Digestivo,0.2692,0.3179,0.3
a805,Patologia_805,Inmunológico,0.3844,0.2385,0.3
a806,Patologia_806,Inmunológico,0.0649,0.1788,0.3
a807,Patologia_807,Inmunológico,0.2111,0.2106,0.3
a808,Patologia_808,Cardiovascular,0.3974,0.2624,0.3
a809,Patologia_809,Cardiovascular,0.0253,0.1707,0.3
a810,Patologia_810,Inmunológico,0.442,0.2269,0.3
a811,Patologia_811,Cardiovascular,0.1964,0.496,0.3
a812,Patologia_812,Digestivo,0.1856,0.2188,0.3
a813,Patologia_813,Inmunológico,0.1194,0.323,0.3
a814,Patologia_814,Neurológico,0.1102,0.0904,0.3
a815,Patologia_815,Cardiovascular,0.2596,0.1184,0.3
a816,Patologia_816,Cardiovascular,0.2884,0.3544,0.3
a817,Patologia_817,Cardiovascular,0.0264,0.2843,0.3
a818,Patologia_818,Cardiovascular,0.2117,0.6112,0.3
a819,Patologia_819,Respiratorio,0.0335,0.1446,0.3
a820,Patologia_820,Digestivo,0.2197,0.2073,0.3
a821,Patologia_821,Cardiovascular,0.3869,0.4977,0.3
a822,Patologia_822,Cardiovascular,0.0948,0.0851,0.3
a823,Patologia_823,Cardiovascular,0.0801,0.1315,0.3
a824,Patologia_824,Neurológico,0.2186,0.2368,0.3
a825,Patologia_825,Inmunológico,0.2266,0.1625,0.3
a826,Patologia_826,Inmunológico,0.2645,0.2257,0.3
a827,Patologia_827,Respiratorio,0.2246,0.0835,0.3
a828,Patologia_828,Respiratorio,0.059,0.383,0.3
a829,Patologia_829,Digestivo,0.1917,0.0574,0.3
a830,Patologia_830,Neurológico,0.0747,0.4263,0.3
a831,Patologia_831,Inmunológico,0.1694,0.2097,0.3
a832,Patologia_832,Respiratorio,0.1447,0.3716,0.3
a833,Patologia_833,Inmunológico,0.0336,0.3571,0.3
a834,Patologia_834,Cardiovascular,0.2014,0.2117,0.3
a835,Patologia_835,Digestivo,0.0991,0.2222,0.3
a836,Patologia_836,Digestivo,0.0915,0.2851,0.3
a837,Patologia_837,Respiratorio,0.0462,0.4015,0.3
a838,Patologia_838,Neurológico,0.2224,0.1663,0.3
a839,Patologia_839,Neurológico,0.5002,0.4453,0.3
a840,Patologia_840,Inmunológico,0.1884,0.2113,0.3
a841,Patologia_841,Respiratorio,0.2816,0.2445,0.3
a842,Patologia_842,Respiratorio,0.2211,0.5571,0.3
a843,Patologia_843,Digestivo,0.3732,0.3067,0.3
a844,Patologia_844,Digestivo,0.0187,0.2607,0.3
a845,Patologia_845,Digestivo,0.1369,0.131,0.3
a846,Patologia_846,Neurológico,0.134,0.2656,0.3
a847,Patologia_847,Inmunológico,0.031,0.5331,0.3
a848,Patologia_848,Digestivo,0.1201,0.2323,0.3
a849,Patologia_849,Inmunológico,0.0941,0.1791,0.3
a850,Patologia_850,Digestivo,0.141,0.2392,0.3
a851,Patologia_851,Neurológico,0.1991,0.241,0.3
a852,Patologia_852,Respiratorio,0.1949,0.3663,0.3
a853,Patologia_853,Inmunológico,0.1214,0.3148,0.3
a854,Patologia_854,Digestivo,0.0504,0.1856,0.3
a855,Patologia_855,Inmunológico,0.0779,0.4188,0.3
a856,Patologia_856,Digestivo,0.2342,0.4428,0.3
a857,Patologia_857,Neurológico,0.4993,0.3934,0.3
a858,Patologia_858,Respiratorio,0.0883,0.0954,0.3
a859,Patologia_859,Neurológico,0.3201,0.1767,0.3
a860,Patologia_860,Respiratorio,0.1837,0.2543,0.3
a861,Patologia_861,Inmunológico,0.2342,0.1948,0.3
a862,Patologia_862,Neurológico,0.1909,0.3156,0.3
a863,Patologia_863,Respiratorio,0.3516,0.4151,0.3
a864,Patologia_864,Cardiovascular,0.0584,0.3099,0.3
a865,Patologia_865,Inmunológico,0.1689,0.2165,0.3
a866,Patologia_866,Digestivo,0.0447,0.3917,0.3
a867,Patologia_867,Inmunológico,0.2421,0.3044,0.3
a868,Patologia_868,Cardiovascular,0.2867,0.2309,0.3
a869,Patologia_869,Digestivo,0.2421,0.3294,0.3
a870,Patologia_870,Inmunológico,0.1494,0.1983,0.3
a871,Patologia_871,Neurológico,0.1555,0.0975,0.3
a872,Patologia_872,Respiratorio,0.0549,0.3514,0.3
a873,Patologia_873,Neurológico,0.1272,0.1056,0.3
a874,Patologia_874,Cardiovascular,0.1994,0.271,0.3
a875,Patologia_875,Inmunológico,0.1413,0.0913,0.3
a876,Patologia_876,Digestivo,0.2012,0.42,0.3
a877,Patologia_877,Digestivo,0.3123,0.255,0.3
a878,Patologia_878,Digestivo,0.1576,0.3158,0.3
a879,Patologia_879,Inmunológico,0.2861,0.3354,0.3
a880,Patologia_880,Digestivo,0.2074,0.4447,0.3
a881,Patologia_881,Inmunológico,0.1471,0.4097,0.3
a882,Patologia_882,Neurológico,0.2564,0.122,0.3
a883,Patologia_883,Digestivo,0.181,0.2328,0.3
a884,Patologia_884,Neurológico,0.3354,0.2231,0.3
a885,Patologia_885,Respiratorio,0.1017,0.552,0.3
a886,Patologia_886,Neurológico,0.1402,0.2337,0.3
a887,Patologia_887,Respiratorio,0.0667,0.101,0.3
a888,Patologia_888,Cardiovascular,0.361,0.2743,0.3
a889,Patologia_889,Neurológico,0.0959,0.3988,0.3
a890,Patologia_890,Inmunológico,0.3352,0.1808,0.3
a891,Patologia_891,Inmunológico,0.1459,0.2978,0.3
a892,Patologia_892,Inmunológico,0.4242,0.2126,0.3
a893,Patologia_893,Digestivo,0.1392,0.0795,0.3
a894,Patologia_894,Inmunológico,0.2847,0.2132,0.3
a895,Patologia_895,Cardiovascular,0.1452,0.5086,0.3
a896,Patologia_896,Neurológico,0.1287,0.4569,0.3
a897,Patologia_897,Cardiovascular,0.09,0.3147,0.3
a898,Patologia_898,Cardiovascular,0.2553,0.1123,0.3
a899,Patologia_899,Cardiovascular,0.0695,0.1174,0.3
a900,Patologia_900,Respiratorio,0.0555,0.0783,0.3
a901,Patologia_901,Inmunológico,0.1294,0.45,0.3
a902,Patologia_902,Cardiovascular,0.1801,0.1637,0.3
a903,Patologia_903,Cardiovascular,0.1204,0.1629,0.3
a904,Patologia_904,Neurológico,0.2149,0.1461,0.3
a905,Patologia_905,Respiratorio,0.1404,0.0545,0.3
a906,Patologia_906,Neurológico,0.3109,0.5891,0.3
a907,Patologia_907,Inmunológico,0.2569,0.1199,0.3
a908,Patologia_908,Neurológico,0.0685,0.1981,0.3
a909,Patologia_909,Digestivo,0.1287,0.2634,0.3
a910,Patologia_910,Inmunológico,0.1385,0.0832,0.3
a911,Patologia_911,Digestivo,0.2451,0.1806,0.3
a912,Patologia_912,Neurológico,0.4061,0.3034,0.3
a913,Patologia_913,Cardiovascular,0.2194,0.311,0.3
a914,Patologia_914,Inmunológico,0.0306,0.2123,0.3
a915,Patologia_915,Digestivo,0.1564,0.2899,0.3
a916,Patologia_916,Digestivo,0.2754,0.1867,0.3
a917,Patologia_917,Neurológico,0.0774,0.3591,0.3
a918,Patologia_918,Respiratorio,0.1403,0.1358,0.3
a919,Patologia_919,Digestivo,0.0329,0.3928,0.3
a920,Patologia_920,Cardiovascular,0.2007,0.331,0.3
a921,Patologia_921,Respiratorio,0.3408,0.2857,0.3
a922,Patologia_922,Neurológico,0.3489,0.2435,0.3
a923,Patologia_923,Respiratorio,0.0188,0.0411,0.3
a924,Patologia_924,Cardiovascular,0.0873,0.1864,0.3
a925,Patologia_925,Inmunológico,0.0325,0.2889,0.3
a926,Patologia_926,Digestivo,0.2568,0.0575,0.3
a927,Patologia_927,Cardiovascular,0.0748,0.1878,0.3
a928,Patologia_928,Respiratorio,0.1092,0.3954,0.3
a929,Patologia_929,Cardiovascular,0.0781,0.207,0.3
a930,Patologia_930,Cardiovascular,0.1544,0.118,0.3
a931,Patologia_931,Inmunológico,0.1901,0.1542,0.3
a932,Patologia_932,Cardiovascular,0.3617,0.3494,0.3
a933,Patologia_933,Inmunológico,0.232,0.2447,0.3
a934,Patologia_934,Respiratorio,0.186,0.1678,0.3
a935,Patologia_935,Cardiovascular,0.2731,0.3295,0.3
a936,Patologia_936,Digestivo,0.09,0.5247,0.3
a937,Patologia_937,Inmunológico,0.2776,0.2078,0.3
a938,Patologia_938,Neurológico,0.2404,0.1056,0.3
a939,Patologia_939,Respiratorio,0.0667,0.3784,0.3
a940,Patologia_940,Digestivo,0.1482,0.2342,0.3
a941,Patologia_941,Cardiovascular,0.1446,0.2828,0.3
a942,Patologia_942,Neurológico,0.0663,0.3671,0.3
a943,Patologia_943,Digestivo,0.1227,0.2332,0.3
a944,Patologia_944,Cardiovascular,0.0724,0.1749,0.3
a945,Patologia_945,Inmunológico,0.213,0.324,0.3
a946,Patologia_946,Neurológico,0.2772,0.3122,0.3
a947,Patologia_947,Inmunológico,0.0834,0.4181,0.3
a948,Patologia_948,Neurológico,0.0732,0.2388,0.3
a949,Patologia_949,Digestivo,0.2145,0.2073,0.3
a950,Patologia_950,Cardiovascular,0.038,0.3271,0.3
a951,Patologia_951,Cardiovascular,0.0975,0.287,0.3
a952,Patologia_952,Inmunológico,0.0851,0.3918,0.3
a953,Patologia_953,Inmunológico,0.0067,0.3783,0.3
a954,Patologia_954,Digestivo,0.1009,0.0813,0.3
a955,Patologia_955,Digestivo,0.0827,0.4875,0.3
a956,Patologia_956,Respiratorio,0.1259,0.456,0.3
a957,Patologia_957,Neurológico,0.1007,0.3393,0.3
a958,Patologia_958,Cardiovascular,0.1713,0.3329,0.3
a959,Patologia_959,Digestivo,0.0629,0.2446,0.3
a960,Patologia_960,Cardiovascular,0.0496,0.262,0.3
a961,Patologia_961,Digestivo,0.0824,0.3232,0.3
a962,Patologia_962,Respiratorio,0.4142,0.3008,0.3
a963,Patologia_963,Neurológico,0.0652,0.4715,0.3
a964,Patologia_964,Respiratorio,0.0635,0.204,0.3
a965,Patologia_965,Respiratorio,0.0922,0.2533,0.3
a966,Patologia_966,Neurológico,0.1856,0.3923,0.3
a967,Patologia_967,Digestivo,0.0714,0.2427,0.3
a968,Patologia_968,Neurológico,0.0907,0.1313,0.3
a969,Patologia_969,Neurológico,0.1412,0.1596,0.3
a970,Patologia_970,Inmunológico,0.0465,0.258,0.3
a971,Patologia_971,Respiratorio,0.265,0.2281,0.3
a972,Patologia_972,Cardiovascular,0.0546,0.2897,0.3
a973,Patologia_973,Neurológico,0.3977,0.368,0.3
a974,Patologia_974,Cardiovascular,0.0731,0.3192,0.3
a975,Patologia_975,Respiratorio,0.2274,0.294,0.3
a976,Patologia_976,Neurológico,0.211,0.5549,0.3
a977,Patologia_977,Neurológico,0.306,0.1558,0.3
a978,Patologia_978,Inmunológico,0.1834,0.202,0.3
a979,Patologia_979,Inmunológico,0.2385,0.1453,0.3
a980,Patologia_980,Digestivo,0.1962,0.362,0.3
a981,Patologia_981,Respiratorio,0.2321,0.1752,0.3
a982,Patologia_982,Cardiovascular,0.2543,0.1979,0.3
a983,Patologia_983,Respiratorio,0.253,0.1195,0.3
a984,Patologia_984,Cardiovascular,0.3156,0.3454,0.3
a985,Patologia_985,Inmunológico,0.3011,0.1009,0.3
a986,Patologia_986,Inmunológico,0.0762,0.3426,0.3
a987,Patologia_987,Inmunológico,0.1929,0.1818,0.3
a988,Patologia_988,Neurológico,0.1065,0.1018,0.3
a989,Patologia_989,Cardiovascular,0.3497,0.2405,0.3
a990,Patologia_990,Cardiovascular,0.1996,0.3883,0.3
a991,Patologia_991,Respiratorio,0.033,0.5803,0.3
a992,Patologia_992,Respiratorio,0.1239,0.4123,0.3
a993,Patologia_993,Inmunológico,0.0879,0.2744,0.3
a994,Patologia_994,Neurológico,0.0741,0.2179,0.3
a995,Patologia_995,Neurológico,0.3584,0.5087,0.3
a996,Patologia_996,Inmunológico,0.1779,0.3813,0.3
a997,Patologia_997,Digestivo,0.1403,0.4029,0.3
a998,Patologia_998,Neurológico,0.2325,0.249,0.3
a999,Patologia_999,Respiratorio,0.0713,0.3579,0.3
a1000,Patologia_1000,Cardiovascular,0.4182,0.6135,0.3
