from,to,tipo,fuente
p_889,p_914,diagnostico_diferencial,sintetico_demo
p_813,p_408,diagnostico_diferencial,sintetico_demo
p_839,p_86,diagnostico_diferencial,sintetico_demo
p_818,p_210,diagnostico_diferencial,sintetico_demo
p_536,p_900,diagnostico_diferencial,sintetico_demo
p_593,p_382,diagnostico_diferencial,sintetico_demo
p_910,p_594,diagnostico_diferencial,sintetico_demo
p_569,p_738,diagnostico_diferencial,sintetico_demo
p_954,p_523,diagnostico_diferencial,sintetico_demo
p_537,p_870,diagnostico_diferencial,sintetico_demo
p_296,p_152,diagnostico_diferencial,sintetico_demo
p_43,p_4,diagnostico_diferencial,sintetico_demo
p_596,p_75,diagnostico_diferencial,sintetico_demo
p_21,p_410,diagnostico_diferencial,sintetico_demo
p_877,p_3,diagnostico_diferencial,sintetico_demo
p_225,p_371,diagnostico_diferencial,sintetico_demo
p_548,p_82,diagnostico_diferencial,sintetico_demo
p_373,p_940,diagnostico_diferencial,sintetico_demo
p_612,p_430,diagnostico_diferencial,sintetico_demo
p_653,p_471,diagnostico_diferencial,sintetico_demo
p_3,p_361,diagnostico_diferencial,sintetico_demo
p_23,p_411,diagnostico_diferencial,sintetico_demo
p_961,p_992,diagnostico_diferencial,sintetico_demo
p_702,p_34,diagnostico_diferencial,sintetico_demo
p_832,p_241,diagnostico_diferencial,sintetico_demo
p_321,p_655,diagnostico_diferencial,sintetico_demo
p_780,p_907,diagnostico_diferencial,sintetico_demo
p_538,p_79,diagnostico_diferencial,sintetico_demo
p_371,p_74,diagnostico_diferencial,sintetico_demo
p_592,p_810,diagnostico_diferencial,sintetico_demo
p_632,p_283,diagnostico_diferencial,sintetico_demo
p_364,p_726,diagnostico_diferencial,sintetico_demo
p_912,p_757,diagnostico_diferencial,sintetico_demo
p_68,p_237,diagnostico_diferencial,sintetico_demo
p_471,p_336,diagnostico_diferencial,sintetico_demo
p_504,p_530,diagnostico_diferencial,sintetico_demo
p_312,p_970,diagnostico_diferencial,sintetico_demo
p_71,p_963,diagnostico_diferencial,sintetico_demo
p_245,p_585,diagnostico_diferencial,sintetico_demo
p_757,p_890,diagnostico_diferencial,sintetico_demo
p_764,p_566,diagnostico_diferencial,sintetico_demo
p_875,p_82,diagnostico_diferencial,sintetico_demo
p_72,p_675,diagnostico_diferencial,sintetico_demo
p_785,p_317,diagnostico_diferencial,sintetico_demo
p_527,p_874,diagnostico_diferencial,sintetico_demo
p_690,p_678,diagnostico_diferencial,sintetico_demo
p_863,p_627,diagnostico_diferencial,sintetico_demo
p_39,p_296,diagnostico_diferencial,sintetico_demo
p_38,p_699,diagnostico_diferencial,sintetico_demo
p_55,p_766,diagnostico_diferencial,sintetico_demo
p_884,p_341,diagnostico_diferencial,sintetico_demo
p_744,p_833,diagnostico_diferencial,sintetico_demo
p_565,p_954,diagnostico_diferencial,sintetico_demo
p_171,p_864,diagnostico_diferencial,sintetico_demo
p_301,p_423,diagnostico_diferencial,sintetico_demo
p_927,p_986,diagnostico_diferencial,sintetico_demo
p_489,p_18,diagnostico_diferencial,sintetico_demo
p_431,p_822,diagnostico_diferencial,sintetico_demo
p_700,p_879,diagnostico_diferencial,sintetico_demo
p_961,p_813,diagnostico_diferencial,sintetico_demo
p_933,p_3,diagnostico_diferencial,sintetico_demo
p_554,p_466,diagnostico_diferencial,sintetico_demo
p_3,p_189,diagnostico_diferencial,sintetico_demo
p_260,p_280,diagnostico_diferencial,sintetico_demo
p_996,p_62,diagnostico_diferencial,sintetico_demo
p_880,p_965,diagnostico_diferencial,sintetico_demo
p_569,p_878,diagnostico_diferencial,sintetico_demo
p_548,p_780,diagnostico_diferencial,sintetico_demo
p_409,p_253,diagnostico_diferencial,sintetico_demo
p_746,p_626,diagnostico_diferencial,sintetico_demo
p_264,p_853,diagnostico_diferencial,sintetico_demo
p_14,p_771,diagnostico_diferencial,sintetico_demo
p_87,p_1,diagnostico_diferencial,sintetico_demo
p_983,p_66,diagnostico_diferencial,sintetico_demo
p_98,p_877,diagnostico_diferencial,sintetico_demo
p_616,p_285,diagnostico_diferencial,sintetico_demo
p_216,p_131,diagnostico_diferencial,sintetico_demo
p_409,p_47,diagnostico_diferencial,sintetico_demo
p_190,p_554,diagnostico_diferencial,sintetico_demo
p_214,p_604,diagnostico_diferencial,sintetico_demo
p_709,p_940,diagnostico_diferencial,sintetico_demo
p_616,p_992,diagnostico_diferencial,sintetico_demo
p_26,p_652,diagnostico_diferencial,sintetico_demo
p_181,p_46,diagnostico_diferencial,sintetico_demo
p_594,p_230,diagnostico_diferencial,sintetico_demo
p_158,p_735,diagnostico_diferencial,sintetico_demo
p_229,p_283,diagnostico_diferencial,sintetico_demo
p_234,p_548,diagnostico_diferencial,sintetico_demo
p_799,p_27,diagnostico_diferencial,sintetico_demo
p_385,p_410,diagnostico_diferencial,sintetico_demo
p_529,p_472,diagnostico_diferencial,sintetico_demo
p_283,p_669,diagnostico_diferencial,sintetico_demo
p_70,p_901,diagnostico_diferencial,sintetico_demo
p_503,p_221,diagnostico_diferencial,sintetico_demo
p_214,p_375,diagnostico_diferencial,sintetico_demo
p_116,p_8,diagnostico_diferencial,sintetico_demo
p_99,p_901,diagnostico_diferencial,sintetico_demo
p_599,p_412,diagnostico_diferencial,sintetico_demo
p_859,p_470,diagnostico_diferencial,sintetico_demo
p_664,p_69,diagnostico_diferencial,sintetico_demo
p_294,p_341,diagnostico_diferencial,sintetico_demo
p_176,p_65,diagnostico_diferencial,sintetico_demo
p_131,p_606,diagnostico_diferencial,sintetico_demo
p_819,p_692,diagnostico_diferencial,sintetico_demo
p_633,p_69,diagnostico_diferencial,sintetico_demo
p_722,p_745,diagnostico_diferencial,sintetico_demo
p_579,p_260,diagnostico_diferencial,sintetico_demo
p_56,p_531,diagnostico_diferencial,sintetico_demo
p_12,p_395,diagnostico_diferencial,sintetico_demo
p_192,p_357,diagnostico_diferencial,sintetico_demo
p_574,p_357,diagnostico_diferencial,sintetico_demo
p_993,p_391,diagnostico_diferencial,sintetico_demo
p_838,p_375,diagnostico_diferencial,sintetico_demo
p_509,p_185,diagnostico_diferencial,sintetico_demo
p_152,p_304,diagnostico_diferencial,sintetico_demo
p_22,p_63,diagnostico_diferencial,sintetico_demo
p_29,p_177,diagnostico_diferencial,sintetico_demo
p_368,p_234,diagnostico_diferencial,sintetico_demo
p_700,p_864,diagnostico_diferencial,sintetico_demo
p_390,p_761,diagnostico_diferencial,sintetico_demo
p_309,p_806,diagnostico_diferencial,sintetico_demo
p_620,p_39,diagnostico_diferencial,sintetico_demo
p_400,p_286,diagnostico_diferencial,sintetico_demo
p_352,p_258,diagnostico_diferencial,sintetico_demo
p_571,p_466,diagnostico_diferencial,sintetico_demo
p_65,p_239,diagnostico_diferencial,sintetico_demo
p_165,p_502,diagnostico_diferencial,sintetico_demo
p_491,p_583,diagnostico_diferencial,sintetico_demo
p_652,p_541,diagnostico_diferencial,sintetico_demo
p_563,p_350,diagnostico_diferencial,sintetico_demo
p_179,p_540,diagnostico_diferencial,sintetico_demo
p_543,p_965,diagnostico_diferencial,sintetico_demo
p_725,p_311,diagnostico_diferencial,sintetico_demo
p_776,p_961,diagnostico_diferencial,sintetico_demo
p_16,p_598,diagnostico_diferencial,sintetico_demo
p_125,p_107,diagnostico_diferencial,sintetico_demo
p_81,p_830,diagnostico_diferencial,sintetico_demo
p_39,p_29,diagnostico_diferencial,sintetico_demo
p_615,p_308,diagnostico_diferencial,sintetico_demo
p_218,p_485,diagnostico_diferencial,sintetico_demo
p_970,p_45,diagnostico_diferencial,sintetico_demo
p_181,p_358,diagnostico_diferencial,sintetico_demo
p_895,p_136,diagnostico_diferencial,sintetico_demo
p_437,p_774,diagnostico_diferencial,sintetico_demo
p_667,p_574,diagnostico_diferencial,sintetico_demo
p_967,p_430,diagnostico_diferencial,sintetico_demo
p_689,p_555,diagnostico_diferencial,sintetico_demo
p_529,p_250,diagnostico_diferencial,sintetico_demo
p_652,p_432,diagnostico_diferencial,sintetico_demo
p_160,p_846,diagnostico_diferencial,sintetico_demo
p_910,p_206,diagnostico_diferencial,sintetico_demo
p_725,p_980,diagnostico_diferencial,sintetico_demo
p_933,p_445,diagnostico_diferencial,sintetico_demo
p_733,p_58,diagnostico_diferencial,sintetico_demo
p_773,p_205,diagnostico_diferencial,sintetico_demo
p_556,p_970,diagnostico_diferencial,sintetico_demo
p_186,p_330,diagnostico_diferencial,sintetico_demo
p_353,p_595,diagnostico_diferencial,sintetico_demo
p_374,p_524,diagnostico_diferencial,sintetico_demo
p_466,p_748,diagnostico_diferencial,sintetico_demo
p_240,p_157,diagnostico_diferencial,sintetico_demo
p_736,p_103,diagnostico_diferencial,sintetico_demo
p_333,p_358,diagnostico_diferencial,sintetico_demo
p_47,p_851,diagnostico_diferencial,sintetico_demo
p_110,p_364,diagnostico_diferencial,sintetico_demo
p_936,p_554,diagnostico_diferencial,sintetico_demo
p_594,p_178,diagnostico_diferencial,sintetico_demo
p_103,p_357,diagnostico_diferencial,sintetico_demo
p_462,p_263,diagnostico_diferencial,sintetico_demo
p_73,p_754,diagnostico_diferencial,sintetico_demo
p_566,p_548,diagnostico_diferencial,sintetico_demo
p_316,p_873,diagnostico_diferencial,sintetico_demo
p_1,p_352,diagnostico_diferencial,sintetico_demo
p_753,p_857,diagnostico_diferencial,sintetico_demo
p_371,p_363,diagnostico_diferencial,sintetico_demo
p_769,p_249,diagnostico_diferencial,sintetico_demo
p_468,p_119,diagnostico_diferencial,sintetico_demo
p_843,p_191,diagnostico_diferencial,sintetico_demo
p_9,p_806,diagnostico_diferencial,sintetico_demo
p_587,p_903,diagnostico_diferencial,sintetico_demo
p_422,p_61,diagnostico_diferencial,sintetico_demo
p_257,p_209,diagnostico_diferencial,sintetico_demo
p_632,p_806,diagnostico_diferencial,sintetico_demo
p_832,p_909,diagnostico_diferencial,sintetico_demo
p_961,p_51,diagnostico_diferencial,sintetico_demo
p_726,p_721,diagnostico_diferencial,sintetico_demo
p_475,p_312,diagnostico_diferencial,sintetico_demo
p_244,p_916,diagnostico_diferencial,sintetico_demo
p_336,p_278,diagnostico_diferencial,sintetico_demo
p_691,p_387,diagnostico_diferencial,sintetico_demo
p_487,p_201,diagnostico_diferencial,sintetico_demo
p_852,p_938,diagnostico_diferencial,sintetico_demo
p_811,p_138,diagnostico_diferencial,sintetico_demo
p_801,p_851,diagnostico_diferencial,sintetico_demo
p_72,p_18,diagnostico_diferencial,sintetico_demo
p_720,p_320,diagnostico_diferencial,sintetico_demo
p_752,p_94,diagnostico_diferencial,sintetico_demo
p_873,p_129,diagnostico_diferencial,sintetico_demo
p_684,p_104,diagnostico_diferencial,sintetico_demo
p_927,p_944,diagnostico_diferencial,sintetico_demo
p_4,p_196,diagnostico_diferencial,sintetico_demo
p_461,p_929,diagnostico_diferencial,sintetico_demo
p_365,p_259,diagnostico_diferencial,sintetico_demo
p_494,p_986,diagnostico_diferencial,sintetico_demo
p_216,p_38,diagnostico_diferencial,sintetico_demo
p_213,p_500,diagnostico_diferencial,sintetico_demo
p_958,p_816,diagnostico_diferencial,sintetico_demo
p_324,p_130,diagnostico_diferencial,sintetico_demo
p_309,p_153,diagnostico_diferencial,sintetico_demo
p_37,p_552,diagnostico_diferencial,sintetico_demo
p_904,p_320,diagnostico_diferencial,sintetico_demo
p_60,p_121,diagnostico_diferencial,sintetico_demo
p_94,p_755,diagnostico_diferencial,sintetico_demo
p_232,p_756,diagnostico_diferencial,sintetico_demo
p_788,p_143,diagnostico_diferencial,sintetico_demo
p_547,p_185,diagnostico_diferencial,sintetico_demo
p_512,p_546,diagnostico_diferencial,sintetico_demo
p_149,p_210,diagnostico_diferencial,sintetico_demo
p_470,p_399,diagnostico_diferencial,sintetico_demo
p_214,p_32,diagnostico_diferencial,sintetico_demo
p_398,p_158,diagnostico_diferencial,sintetico_demo
p_557,p_405,diagnostico_diferencial,sintetico_demo
p_576,p_828,diagnostico_diferencial,sintetico_demo
p_5,p_363,diagnostico_diferencial,sintetico_demo
p_935,p_979,diagnostico_diferencial,sintetico_demo
p_930,p_703,diagnostico_diferencial,sintetico_demo
p_80,p_965,diagnostico_diferencial,sintetico_demo
p_188,p_162,diagnostico_diferencial,sintetico_demo
p_662,p_763,diagnostico_diferencial,sintetico_demo
p_659,p_550,diagnostico_diferencial,sintetico_demo
p_27,p_130,diagnostico_diferencial,sintetico_demo
p_676,p_95,diagnostico_diferencial,sintetico_demo
p_977,p_652,diagnostico_diferencial,sintetico_demo
p_134,p_269,diagnostico_diferencial,sintetico_demo
p_765,p_680,diagnostico_diferencial,sintetico_demo
p_304,p_903,diagnostico_diferencial,sintetico_demo
p_494,p_366,diagnostico_diferencial,sintetico_demo
p_723,p_786,diagnostico_diferencial,sintetico_demo
p_279,p_364,diagnostico_diferencial,sintetico_demo
p_79,p_909,diagnostico_diferencial,sintetico_demo
p_780,p_970,diagnostico_diferencial,sintetico_demo
p_859,p_433,diagnostico_diferencial,sintetico_demo
p_390,p_610,diagnostico_diferencial,sintetico_demo
p_14,p_60,diagnostico_diferencial,sintetico_demo
p_598,p_931,diagnostico_diferencial,sintetico_demo
p_918,p_322,diagnostico_diferencial,sintetico_demo
p_891,p_728,diagnostico_diferencial,sintetico_demo
p_222,p_588,diagnostico_diferencial,sintetico_demo
p_836,p_207,diagnostico_diferencial,sintetico_demo
p_602,p_347,diagnostico_diferencial,sintetico_demo
p_827,p_44,diagnostico_diferencial,sintetico_demo
p_265,p_346,diagnostico_diferencial,sintetico_demo
p_818,p_713,diagnostico_diferencial,sintetico_demo
p_319,p_721,diagnostico_diferencial,sintetico_demo
p_105,p_839,diagnostico_diferencial,sintetico_demo
p_252,p_646,diagnostico_diferencial,sintetico_demo
p_198,p_368,diagnostico_diferencial,sintetico_demo
p_55,p_533,diagnostico_diferencial,sintetico_demo
p_927,p_357,diagnostico_diferencial,sintetico_demo
p_406,p_494,diagnostico_diferencial,sintetico_demo
p_437,p_904,diagnostico_diferencial,sintetico_demo
p_750,p_59,diagnostico_diferencial,sintetico_demo
p_456,p_297,diagnostico_diferencial,sintetico_demo
p_476,p_58,diagnostico_diferencial,sintetico_demo
p_346,p_423,diagnostico_diferencial,sintetico_demo
p_485,p_230,diagnostico_diferencial,sintetico_demo
p_852,p_796,diagnostico_diferencial,sintetico_demo
p_362,p_694,diagnostico_diferencial,sintetico_demo
p_965,p_447,diagnostico_diferencial,sintetico_demo
p_729,p_612,diagnostico_diferencial,sintetico_demo
p_211,p_625,diagnostico_diferencial,sintetico_demo
p_700,p_367,diagnostico_diferencial,sintetico_demo
p_846,p_553,diagnostico_diferencial,sintetico_demo
p_876,p_28,diagnostico_diferencial,sintetico_demo
p_613,p_987,diagnostico_diferencial,sintetico_demo
p_915,p_276,diagnostico_diferencial,sintetico_demo
p_436,p_608,diagnostico_diferencial,sintetico_demo
p_142,p_702,diagnostico_diferencial,sintetico_demo
p_284,p_378,diagnostico_diferencial,sintetico_demo
p_69,p_830,diagnostico_diferencial,sintetico_demo
p_847,p_985,diagnostico_diferencial,sintetico_demo
p_576,p_37,diagnostico_diferencial,sintetico_demo
p_957,p_206,diagnostico_diferencial,sintetico_demo
p_709,p_705,diagnostico_diferencial,sintetico_demo
p_527,p_651,diagnostico_diferencial,sintetico_demo
p_309,p_288,diagnostico_diferencial,sintetico_demo
p_864,p_974,diagnostico_diferencial,sintetico_demo
p_262,p_492,diagnostico_diferencial,sintetico_demo
p_59,p_768,diagnostico_diferencial,sintetico_demo
p_521,p_224,diagnostico_diferencial,sintetico_demo
p_308,p_451,diagnostico_diferencial,sintetico_demo
p_519,p_27,diagnostico_diferencial,sintetico_demo
p_381,p_701,diagnostico_diferencial,sintetico_demo
p_340,p_756,diagnostico_diferencial,sintetico_demo
p_601,p_333,diagnostico_diferencial,sintetico_demo
p_548,p_372,diagnostico_diferencial,sintetico_demo
p_977,p_826,diagnostico_diferencial,sintetico_demo
p_899,p_560,diagnostico_diferencial,sintetico_demo
p_83,p_300,diagnostico_diferencial,sintetico_demo
p_233,p_203,diagnostico_diferencial,sintetico_demo
p_761,p_378,diagnostico_diferencial,sintetico_demo
p_239,p_901,diagnostico_diferencial,sintetico_demo
p_103,p_114,diagnostico_diferencial,sintetico_demo
p_722,p_19,diagnostico_diferencial,sintetico_demo
p_224,p_596,diagnostico_diferencial,sintetico_demo
p_278,p_911,diagnostico_diferencial,sintetico_demo
p_392,p_395,diagnostico_diferencial,sintetico_demo
p_677,p_764,diagnostico_diferencial,sintetico_demo
p_812,p_51,diagnostico_diferencial,sintetico_demo
p_428,p_659,diagnostico_diferencial,sintetico_demo
p_401,p_185,diagnostico_diferencial,sintetico_demo
p_45,p_684,diagnostico_diferencial,sintetico_demo
p_513,p_352,diagnostico_diferencial,sintetico_demo
p_175,p_113,diagnostico_diferencial,sintetico_demo
p_784,p_513,diagnostico_diferencial,sintetico_demo
p_629,p_545,diagnostico_diferencial,sintetico_demo
p_783,p_281,diagnostico_diferencial,sintetico_demo
p_365,p_672,diagnostico_diferencial,sintetico_demo
p_172,p_169,diagnostico_diferencial,sintetico_demo
p_303,p_605,diagnostico_diferencial,sintetico_demo
p_151,p_759,diagnostico_diferencial,sintetico_demo
p_350,p_320,diagnostico_diferencial,sintetico_demo
p_704,p_365,diagnostico_diferencial,sintetico_demo
p_91,p_519,diagnostico_diferencial,sintetico_demo
p_160,p_832,diagnostico_diferencial,sintetico_demo
p_105,p_109,diagnostico_diferencial,sintetico_demo
p_740,p_905,diagnostico_diferencial,sintetico_demo
p_102,p_543,diagnostico_diferencial,sintetico_demo
p_131,p_562,diagnostico_diferencial,sintetico_demo
p_768,p_952,diagnostico_diferencial,sintetico_demo
p_288,p_679,diagnostico_diferencial,sintetico_demo
p_457,p_577,diagnostico_diferencial,sintetico_demo
p_957,p_542,diagnostico_diferencial,sintetico_demo
p_898,p_958,diagnostico_diferencial,sintetico_demo
p_100,p_323,diagnostico_diferencial,sintetico_demo
p_812,p_951,diagnostico_diferencial,sintetico_demo
p_20,p_11,diagnostico_diferencial,sintetico_demo
p_248,p_798,diagnostico_diferencial,sintetico_demo
p_191,p_22,diagnostico_diferencial,sintetico_demo
p_584,p_160,diagnostico_diferencial,sintetico_demo
p_312,p_263,diagnostico_diferencial,sintetico_demo
p_167,p_701,diagnostico_diferencial,sintetico_demo
p_573,p_379,diagnostico_diferencial,sintetico_demo
p_170,p_752,diagnostico_diferencial,sintetico_demo
p_632,p_79,diagnostico_diferencial,sintetico_demo
p_215,p_270,diagnostico_diferencial,sintetico_demo
p_508,p_424,diagnostico_diferencial,sintetico_demo
p_173,p_615,diagnostico_diferencial,sintetico_demo
p_967,p_435,diagnostico_diferencial,sintetico_demo
p_535,p_921,diagnostico_diferencial,sintetico_demo
p_407,p_77,diagnostico_diferencial,sintetico_demo
p_500,p_523,diagnostico_diferencial,sintetico_demo
p_137,p_794,diagnostico_diferencial,sintetico_demo
p_98,p_110,diagnostico_diferencial,sintetico_demo
p_835,p_990,diagnostico_diferencial,sintetico_demo
p_56,p_451,diagnostico_diferencial,sintetico_demo
p_246,p_413,diagnostico_diferencial,sintetico_demo
p_683,p_259,diagnostico_diferencial,sintetico_demo
p_712,p_821,diagnostico_diferencial,sintetico_demo
p_842,p_350,diagnostico_diferencial,sintetico_demo
p_106,p_929,diagnostico_diferencial,sintetico_demo
p_47,p_707,diagnostico_diferencial,sintetico_demo
p_844,p_851,diagnostico_diferencial,sintetico_demo
p_922,p_183,diagnostico_diferencial,sintetico_demo
p_285,p_657,diagnostico_diferencial,sintetico_demo
p_45,p_174,diagnostico_diferencial,sintetico_demo
p_998,p_711,diagnostico_diferencial,sintetico_demo
p_395,p_699,diagnostico_diferencial,sintetico_demo
p_119,p_617,diagnostico_diferencial,sintetico_demo
p_59,p_954,diagnostico_diferencial,sintetico_demo
p_146,p_385,diagnostico_diferencial,sintetico_demo
p_615,p_888,diagnostico_diferencial,sintetico_demo
p_579,p_584,diagnostico_diferencial,sintetico_demo
p_949,p_271,diagnostico_diferencial,sintetico_demo
p_496,p_725,diagnostico_diferencial,sintetico_demo
p_673,p_185,diagnostico_diferencial,sintetico_demo
p_726,p_651,diagnostico_diferencial,sintetico_demo
p_117,p_900,diagnostico_diferencial,sintetico_demo
p_236,p_166,diagnostico_diferencial,sintetico_demo
p_217,p_142,diagnostico_diferencial,sintetico_demo
p_123,p_492,diagnostico_diferencial,sintetico_demo
p_628,p_71,diagnostico_diferencial,sintetico_demo
p_262,p_343,diagnostico_diferencial,sintetico_demo
p_849,p_498,diagnostico_diferencial,sintetico_demo
p_169,p_146,diagnostico_diferencial,sintetico_demo
p_707,p_612,diagnostico_diferencial,sintetico_demo
p_820,p_500,diagnostico_diferencial,sintetico_demo
p_391,p_337,diagnostico_diferencial,sintetico_demo
p_149,p_84,diagnostico_diferencial,sintetico_demo
p_245,p_816,diagnostico_diferencial,sintetico_demo
p_500,p_890,diagnostico_diferencial,sintetico_demo
p_793,p_806,diagnostico_diferencial,sintetico_demo
p_972,p_845,diagnostico_diferencial,sintetico_demo
p_190,p_142,diagnostico_diferencial,sintetico_demo
p_173,p_890,diagnostico_diferencial,sintetico_demo
p_884,p_310,diagnostico_diferencial,sintetico_demo
p_592,p_368,diagnostico_diferencial,sintetico_demo
p_171,p_706,diagnostico_diferencial,sintetico_demo
p_957,p_695,diagnostico_diferencial,sintetico_demo
p_675,p_812,diagnostico_diferencial,sintetico_demo
p_808,p_970,diagnostico_diferencial,sintetico_demo
p_622,p_440,diagnostico_diferencial,sintetico_demo
p_718,p_66,diagnostico_diferencial,sintetico_demo
p_337,p_733,diagnostico_diferencial,sintetico_demo
p_410,p_773,diagnostico_diferencial,sintetico_demo
p_69,p_837,diagnostico_diferencial,sintetico_demo
p_97,p_926,diagnostico_diferencial,sintetico_demo
p_936,p_533,diagnostico_diferencial,sintetico_demo
p_516,p_340,diagnostico_diferencial,sintetico_demo
p_184,p_677,diagnostico_diferencial,sintetico_demo
p_715,p_101,diagnostico_diferencial,sintetico_demo
p_412,p_313,diagnostico_diferencial,sintetico_demo
p_377,p_965,diagnostico_diferencial,sintetico_demo
p_996,p_924,diagnostico_diferencial,sintetico_demo
p_11,p_951,diagnostico_diferencial,sintetico_demo
p_408,p_109,diagnostico_diferencial,sintetico_demo
p_750,p_906,diagnostico_diferencial,sintetico_demo
p_417,p_431,diagnostico_diferencial,sintetico_demo
p_330,p_341,diagnostico_diferencial,sintetico_demo
p_982,p_827,diagnostico_diferencial,sintetico_demo
p_279,p_178,diagnostico_diferencial,sintetico_demo
p_114,p_678,diagnostico_diferencial,sintetico_demo
p_880,p_133,diagnostico_diferencial,sintetico_demo
p_209,p_29,diagnostico_diferencial,sintetico_demo
p_446,p_874,diagnostico_diferencial,sintetico_demo
p_830,p_472,diagnostico_diferencial,sintetico_demo
p_393,p_995,diagnostico_diferencial,sintetico_demo
p_644,p_384,diagnostico_diferencial,sintetico_demo
p_734,p_597,diagnostico_diferencial,sintetico_demo
p_856,p_8,diagnostico_diferencial,sintetico_demo
p_180,p_940,diagnostico_diferencial,sintetico_demo
p_464,p_135,diagnostico_diferencial,sintetico_demo
p_27,p_289,diagnostico_diferencial,sintetico_demo
p_192,p_975,diagnostico_diferencial,sintetico_demo
p_812,p_978,diagnostico_diferencial,sintetico_demo
p_961,p_647,diagnostico_diferencial,sintetico_demo
p_255,p_651,diagnostico_diferencial,sintetico_demo
p_944,p_42,diagnostico_diferencial,sintetico_demo
p_622,p_104,diagnostico_diferencial,sintetico_demo
p_423,p_823,diagnostico_diferencial,sintetico_demo
p_705,p_30,diagnostico_diferencial,sintetico_demo
p_635,p_681,diagnostico_diferencial,sintetico_demo
p_90,p_672,diagnostico_diferencial,sintetico_demo
p_647,p_786,diagnostico_diferencial,sintetico_demo
p_794,p_764,diagnostico_diferencial,sintetico_demo
p_740,p_218,diagnostico_diferencial,sintetico_demo
p_144,p_983,diagnostico_diferencial,sintetico_demo
p_451,p_112,diagnostico_diferencial,sintetico_demo
p_427,p_731,diagnostico_diferencial,sintetico_demo
p_241,p_694,diagnostico_diferencial,sintetico_demo
p_485,p_259,diagnostico_diferencial,sintetico_demo
p_30,p_11,diagnostico_diferencial,sintetico_demo
p_772,p_470,diagnostico_diferencial,sintetico_demo
p_59,p_339,diagnostico_diferencial,sintetico_demo
p_600,p_871,diagnostico_diferencial,sintetico_demo
p_475,p_923,diagnostico_diferencial,sintetico_demo
p_914,p_245,diagnostico_diferencial,sintetico_demo
p_100,p_249,diagnostico_diferencial,sintetico_demo
p_809,p_569,diagnostico_diferencial,sintetico_demo
p_790,p_508,diagnostico_diferencial,sintetico_demo
p_632,p_303,diagnostico_diferencial,sintetico_demo
p_754,p_887,diagnostico_diferencial,sintetico_demo
p_995,p_891,diagnostico_diferencial,sintetico_demo
p_876,p_512,diagnostico_diferencial,sintetico_demo
p_588,p_360,diagnostico_diferencial,sintetico_demo
p_272,p_714,diagnostico_diferencial,sintetico_demo
p_881,p_43,diagnostico_diferencial,sintetico_demo
p_477,p_318,diagnostico_diferencial,sintetico_demo
p_57,p_606,diagnostico_diferencial,sintetico_demo
p_758,p_488,diagnostico_diferencial,sintetico_demo
p_982,p_293,diagnostico_diferencial,sintetico_demo
p_944,p_508,diagnostico_diferencial,sintetico_demo
p_504,p_520,diagnostico_diferencial,sintetico_demo
p_386,p_773,diagnostico_diferencial,sintetico_demo
p_460,p_325,diagnostico_diferencial,sintetico_demo
p_607,p_252,diagnostico_diferencial,sintetico_demo
p_44,p_307,diagnostico_diferencial,sintetico_demo
p_290,p_322,diagnostico_diferencial,sintetico_demo
p_257,p_607,diagnostico_diferencial,sintetico_demo
p_814,p_866,diagnostico_diferencial,sintetico_demo
p_770,p_911,diagnostico_diferencial,sintetico_demo
p_245,p_641,diagnostico_diferencial,sintetico_demo
p_239,p_35,diagnostico_diferencial,sintetico_demo
p_412,p_616,diagnostico_diferencial,sintetico_demo
p_127,p_710,diagnostico_diferencial,sintetico_demo
p_713,p_290,diagnostico_diferencial,sintetico_demo
p_275,p_887,diagnostico_diferencial,sintetico_demo
p_417,p_541,diagnostico_diferencial,sintetico_demo
p_206,p_940,diagnostico_diferencial,sintetico_demo
p_551,p_941,diagnostico_diferencial,sintetico_demo
p_364,p_604,diagnostico_diferencial,sintetico_demo
p_832,p_488,diagnostico_diferencial,sintetico_demo
p_345,p_960,diagnostico_diferencial,sintetico_demo
p_830,p_235,diagnostico_diferencial,sintetico_demo
p_567,p_384,diagnostico_diferencial,sintetico_demo
p_159,p_360,diagnostico_diferencial,sintetico_demo
p_833,p_952,diagnostico_diferencial,sintetico_demo
p_95,p_966,diagnostico_diferencial,sintetico_demo
p_424,p_706,diagnostico_diferencial,sintetico_demo
p_924,p_255,diagnostico_diferencial,sintetico_demo
p_115,p_867,diagnostico_diferencial,sintetico_demo
p_211,p_358,diagnostico_diferencial,sintetico_demo
p_598,p_542,diagnostico_diferencial,sintetico_demo
p_306,p_24,diagnostico_diferencial,sintetico_demo
p_267,p_814,diagnostico_diferencial,sintetico_demo
p_43,p_951,diagnostico_diferencial,sintetico_demo
p_905,p_983,diagnostico_diferencial,sintetico_demo
p_594,p_0,diagnostico_diferencial,sintetico_demo
p_457,p_357,diagnostico_diferencial,sintetico_demo
p_722,p_117,diagnostico_diferencial,sintetico_demo
p_857,p_478,diagnostico_diferencial,sintetico_demo
p_471,p_676,diagnostico_diferencial,sintetico_demo
p_8,p_458,diagnostico_diferencial,sintetico_demo
p_924,p_112,diagnostico_diferencial,sintetico_demo
p_668,p_194,diagnostico_diferencial,sintetico_demo
p_996,p_651,diagnostico_diferencial,sintetico_demo
p_859,p_19,diagnostico_diferencial,sintetico_demo
p_188,p_285,diagnostico_diferencial,sintetico_demo
p_380,p_457,diagnostico_diferencial,sintetico_demo
p_831,p_742,diagnostico_diferencial,sintetico_demo
p_642,p_447,diagnostico_diferencial,sintetico_demo
p_726,p_590,diagnostico_diferencial,sintetico_demo
p_114,p_639,diagnostico_diferencial,sintetico_demo
p_501,p_84,diagnostico_diferencial,sintetico_demo
p_634,p_575,diagnostico_diferencial,sintetico_demo
p_387,p_273,diagnostico_diferencial,sintetico_demo
p_438,p_799,diagnostico_diferencial,sintetico_demo
p_909,p_402,diagnostico_diferencial,sintetico_demo
p_869,p_252,diagnostico_diferencial,sintetico_demo
p_844,p_605,diagnostico_diferencial,sintetico_demo
p_923,p_800,diagnostico_diferencial,sintetico_demo
p_318,p_957,diagnostico_diferencial,sintetico_demo
p_934,p_661,diagnostico_diferencial,sintetico_demo
p_875,p_364,diagnostico_diferencial,sintetico_demo
p_703,p_668,diagnostico_diferencial,sintetico_demo
p_443,p_727,diagnostico_diferencial,sintetico_demo
p_659,p_259,diagnostico_diferencial,sintetico_demo
p_27,p_433,diagnostico_diferencial,sintetico_demo
p_635,p_971,diagnostico_diferencial,sintetico_demo
p_991,p_611,diagnostico_diferencial,sintetico_demo
p_397,p_121,diagnostico_diferencial,sintetico_demo
p_76,p_643,diagnostico_diferencial,sintetico_demo
p_586,p_516,diagnostico_diferencial,sintetico_demo
p_357,p_978,diagnostico_diferencial,sintetico_demo
p_185,p_744,diagnostico_diferencial,sintetico_demo
p_550,p_678,diagnostico_diferencial,sintetico_demo
p_233,p_568,diagnostico_diferencial,sintetico_demo
p_247,p_542,diagnostico_diferencial,sintetico_demo
p_953,p_518,diagnostico_diferencial,sintetico_demo
p_398,p_11,diagnostico_diferencial,sintetico_demo
p_328,p_9,diagnostico_diferencial,sintetico_demo
p_642,p_156,diagnostico_diferencial,sintetico_demo
p_4,p_724,diagnostico_diferencial,sintetico_demo
p_347,p_140,diagnostico_diferencial,sintetico_demo
p_937,p_982,diagnostico_diferencial,sintetico_demo
p_398,p_638,diagnostico_diferencial,sintetico_demo
p_258,p_709,diagnostico_diferencial,sintetico_demo
p_756,p_926,diagnostico_diferencial,sintetico_demo
p_418,p_136,diagnostico_diferencial,sintetico_demo
p_390,p_690,diagnostico_diferencial,sintetico_demo
p_861,p_599,diagnostico_diferencial,sintetico_demo
p_919,p_399,diagnostico_diferencial,sintetico_demo
p_926,p_442,diagnostico_diferencial,sintetico_demo
p_589,p_441,diagnostico_diferencial,sintetico_demo
p_847,p_266,diagnostico_diferencial,sintetico_demo
p_114,p_675,diagnostico_diferencial,sintetico_demo
p_3,p_760,diagnostico_diferencial,sintetico_demo
p_642,p_512,diagnostico_diferencial,sintetico_demo
p_738,p_276,diagnostico_diferencial,sintetico_demo
p_127,p_683,diagnostico_diferencial,sintetico_demo
p_8,p_355,diagnostico_diferencial,sintetico_demo
p_323,p_932,diagnostico_diferencial,sintetico_demo
p_117,p_773,diagnostico_diferencial,sintetico_demo
p_466,p_653,diagnostico_diferencial,sintetico_demo
p_855,p_92,diagnostico_diferencial,sintetico_demo
p_699,p_640,diagnostico_diferencial,sintetico_demo
p_650,p_135,diagnostico_diferencial,sintetico_demo
p_462,p_110,diagnostico_diferencial,sintetico_demo
p_931,p_43,diagnostico_diferencial,sintetico_demo
p_124,p_890,diagnostico_diferencial,sintetico_demo
p_222,p_210,diagnostico_diferencial,sintetico_demo
p_327,p_342,diagnostico_diferencial,sintetico_demo
p_897,p_358,diagnostico_diferencial,sintetico_demo
p_817,p_360,diagnostico_diferencial,sintetico_demo
p_258,p_330,diagnostico_diferencial,sintetico_demo
p_66,p_410,diagnostico_diferencial,sintetico_demo
p_596,p_758,diagnostico_diferencial,sintetico_demo
p_882,p_507,diagnostico_diferencial,sintetico_demo
p_61,p_231,diagnostico_diferencial,sintetico_demo
p_971,p_803,diagnostico_diferencial,sintetico_demo
p_525,p_169,diagnostico_diferencial,sintetico_demo
p_633,p_403,diagnostico_diferencial,sintetico_demo
p_278,p_233,diagnostico_diferencial,sintetico_demo
p_122,p_519,diagnostico_diferencial,sintetico_demo
p_588,p_301,diagnostico_diferencial,sintetico_demo
p_271,p_99,diagnostico_diferencial,sintetico_demo
p_976,p_252,diagnostico_diferencial,sintetico_demo
p_501,p_307,diagnostico_diferencial,sintetico_demo
p_657,p_793,diagnostico_diferencial,sintetico_demo
p_268,p_802,diagnostico_diferencial,sintetico_demo
p_892,p_699,diagnostico_diferencial,sintetico_demo
p_567,p_386,diagnostico_diferencial,sintetico_demo
p_217,p_122,diagnostico_diferencial,sintetico_demo
p_684,p_131,diagnostico_diferencial,sintetico_demo
p_551,p_235,diagnostico_diferencial,sintetico_demo
p_870,p_220,diagnostico_diferencial,sintetico_demo
p_158,p_61,diagnostico_diferencial,sintetico_demo
p_359,p_831,diagnostico_diferencial,sintetico_demo
p_464,p_689,diagnostico_diferencial,sintetico_demo
p_543,p_731,diagnostico_diferencial,sintetico_demo
p_247,p_402,diagnostico_diferencial,sintetico_demo
p_640,p_170,diagnostico_diferencial,sintetico_demo
p_290,p_475,diagnostico_diferencial,sintetico_demo
p_35,p_593,diagnostico_diferencial,sintetico_demo
p_978,p_13,diagnostico_diferencial,sintetico_demo
p_859,p_269,diagnostico_diferencial,sintetico_demo
p_65,p_53,diagnostico_diferencial,sintetico_demo
p_796,p_412,diagnostico_diferencial,sintetico_demo
p_426,p_130,diagnostico_diferencial,sintetico_demo
p_156,p_609,diagnostico_diferencial,sintetico_demo
p_554,p_712,diagnostico_diferencial,sintetico_demo
p_786,p_871,diagnostico_diferencial,sintetico_demo
p_120,p_772,diagnostico_diferencial,sintetico_demo
p_191,p_732,diagnostico_diferencial,sintetico_demo
p_475,p_516,diagnostico_diferencial,sintetico_demo
p_353,p_628,diagnostico_diferencial,sintetico_demo
p_542,p_300,diagnostico_diferencial,sintetico_demo
p_356,p_703,diagnostico_diferencial,sintetico_demo
p_530,p_959,diagnostico_diferencial,sintetico_demo
p_479,p_938,diagnostico_diferencial,sintetico_demo
p_796,p_426,diagnostico_diferencial,sintetico_demo
p_72,p_115,diagnostico_diferencial,sintetico_demo
p_390,p_235,diagnostico_diferencial,sintetico_demo
p_953,p_562,diagnostico_diferencial,sintetico_demo
p_75,p_12,diagnostico_diferencial,sintetico_demo
p_187,p_217,diagnostico_diferencial,sintetico_demo
p_690,p_328,diagnostico_diferencial,sintetico_demo
p_990,p_67,diagnostico_diferencial,sintetico_demo
p_337,p_742,diagnostico_diferencial,sintetico_demo
p_475,p_990,diagnostico_diferencial,sintetico_demo
p_305,p_836,diagnostico_diferencial,sintetico_demo
p_916,p_390,diagnostico_diferencial,sintetico_demo
p_648,p_91,diagnostico_diferencial,sintetico_demo
p_161,p_103,diagnostico_diferencial,sintetico_demo
p_801,p_589,diagnostico_diferencial,sintetico_demo
p_46,p_983,diagnostico_diferencial,sintetico_demo
p_23,p_425,diagnostico_diferencial,sintetico_demo
p_335,p_613,diagnostico_diferencial,sintetico_demo
p_283,p_772,diagnostico_diferencial,sintetico_demo
p_173,p_942,diagnostico_diferencial,sintetico_demo
p_306,p_303,diagnostico_diferencial,sintetico_demo
p_878,p_378,diagnostico_diferencial,sintetico_demo
p_994,p_737,diagnostico_diferencial,sintetico_demo
p_773,p_347,diagnostico_diferencial,sintetico_demo
p_229,p_174,diagnostico_diferencial,sintetico_demo
p_702,p_391,diagnostico_diferencial,sintetico_demo
p_117,p_404,diagnostico_diferencial,sintetico_demo
p_52,p_87,diagnostico_diferencial,sintetico_demo
p_191,p_629,diagnostico_diferencial,sintetico_demo
p_947,p_791,diagnostico_diferencial,sintetico_demo
p_571,p_652,diagnostico_diferencial,sintetico_demo
p_936,p_624,diagnostico_diferencial,sintetico_demo
p_522,p_910,diagnostico_diferencial,sintetico_demo
p_771,p_248,diagnostico_diferencial,sintetico_demo
p_781,p_365,diagnostico_diferencial,sintetico_demo
p_140,p_88,diagnostico_diferencial,sintetico_demo
p_654,p_876,diagnostico_diferencial,sintetico_demo
p_112,p_820,diagnostico_diferencial,sintetico_demo
p_263,p_731,diagnostico_diferencial,sintetico_demo
p_490,p_998,diagnostico_diferencial,sintetico_demo
p_343,p_455,diagnostico_diferencial,sintetico_demo
p_522,p_414,diagnostico_diferencial,sintetico_demo
p_879,p_454,diagnostico_diferencial,sintetico_demo
p_98,p_562,diagnostico_diferencial,sintetico_demo
p_472,p_510,diagnostico_diferencial,sintetico_demo
p_22,p_174,diagnostico_diferencial,sintetico_demo
p_238,p_934,diagnostico_diferencial,sintetico_demo
p_620,p_208,diagnostico_diferencial,sintetico_demo
p_262,p_628,diagnostico_diferencial,sintetico_demo
p_324,p_312,diagnostico_diferencial,sintetico_demo
p_671,p_945,diagnostico_diferencial,sintetico_demo
p_731,p_370,diagnostico_diferencial,sintetico_demo
p_683,p_312,diagnostico_diferencial,sintetico_demo
p_386,p_802,diagnostico_diferencial,sintetico_demo
p_605,p_503,diagnostico_diferencial,sintetico_demo
p_121,p_85,diagnostico_diferencial,sintetico_demo
p_299,p_646,diagnostico_diferencial,sintetico_demo
p_708,p_820,diagnostico_diferencial,sintetico_demo
p_562,p_265,diagnostico_diferencial,sintetico_demo
p_316,p_219,diagnostico_diferencial,sintetico_demo
p_818,p_294,diagnostico_diferencial,sintetico_demo
p_928,p_697,diagnostico_diferencial,sintetico_demo
p_19,p_505,diagnostico_diferencial,sintetico_demo
p_541,p_988,diagnostico_diferencial,sintetico_demo
p_888,p_162,diagnostico_diferencial,sintetico_demo
p_299,p_126,diagnostico_diferencial,sintetico_demo
p_469,p_826,diagnostico_diferencial,sintetico_demo
p_85,p_116,diagnostico_diferencial,sintetico_demo
p_741,p_405,diagnostico_diferencial,sintetico_demo
p_668,p_648,diagnostico_diferencial,sintetico_demo
p_404,p_767,diagnostico_diferencial,sintetico_demo
p_977,p_355,diagnostico_diferencial,sintetico_demo
p_692,p_775,diagnostico_diferencial,sintetico_demo
p_111,p_989,diagnostico_diferencial,sintetico_demo
p_138,p_221,diagnostico_diferencial,sintetico_demo
p_9,p_375,diagnostico_diferencial,sintetico_demo
p_290,p_313,diagnostico_diferencial,sintetico_demo
p_921,p_894,diagnostico_diferencial,sintetico_demo
p_378,p_862,diagnostico_diferencial,sintetico_demo
p_881,p_149,diagnostico_diferencial,sintetico_demo
p_939,p_235,diagnostico_diferencial,sintetico_demo
p_237,p_862,diagnostico_diferencial,sintetico_demo
p_643,p_167,diagnostico_diferencial,sintetico_demo
p_329,p_494,diagnostico_diferencial,sintetico_demo
p_184,p_411,diagnostico_diferencial,sintetico_demo
p_806,p_941,diagnostico_diferencial,sintetico_demo
p_719,p_68,diagnostico_diferencial,sintetico_demo
p_761,p_720,diagnostico_diferencial,sintetico_demo
p_424,p_563,diagnostico_diferencial,sintetico_demo
p_861,p_266,diagnostico_diferencial,sintetico_demo
p_322,p_149,diagnostico_diferencial,sintetico_demo
p_481,p_814,diagnostico_diferencial,sintetico_demo
p_600,p_856,diagnostico_diferencial,sintetico_demo
p_357,p_524,diagnostico_diferencial,sintetico_demo
p_361,p_381,diagnostico_diferencial,sintetico_demo
p_35,p_611,diagnostico_diferencial,sintetico_demo
p_515,p_373,diagnostico_diferencial,sintetico_demo
p_745,p_684,diagnostico_diferencial,sintetico_demo
p_329,p_505,diagnostico_diferencial,sintetico_demo
p_268,p_236,diagnostico_diferencial,sintetico_demo
p_69,p_586,diagnostico_diferencial,sintetico_demo
p_518,p_324,diagnostico_diferencial,sintetico_demo
p_667,p_888,diagnostico_diferencial,sintetico_demo
p_954,p_249,diagnostico_diferencial,sintetico_demo
p_377,p_589,diagnostico_diferencial,sintetico_demo
p_292,p_789,diagnostico_diferencial,sintetico_demo
p_910,p_450,diagnostico_diferencial,sintetico_demo
p_285,p_753,diagnostico_diferencial,sintetico_demo
p_359,p_930,diagnostico_diferencial,sintetico_demo
p_585,p_927,diagnostico_diferencial,sintetico_demo
p_523,p_421,diagnostico_diferencial,sintetico_demo
p_336,p_825,diagnostico_diferencial,sintetico_demo
p_623,p_935,diagnostico_diferencial,sintetico_demo
p_541,p_215,diagnostico_diferencial,sintetico_demo
p_896,p_731,diagnostico_diferencial,sintetico_demo
p_35,p_20,diagnostico_diferencial,sintetico_demo
p_487,p_304,diagnostico_diferencial,sintetico_demo
p_378,p_352,diagnostico_diferencial,sintetico_demo
p_343,p_603,diagnostico_diferencial,sintetico_demo
p_229,p_806,diagnostico_diferencial,sintetico_demo
p_788,p_444,diagnostico_diferencial,sintetico_demo
p_617,p_611,diagnostico_diferencial,sintetico_demo
p_799,p_265,diagnostico_diferencial,sintetico_demo
p_761,p_996,diagnostico_diferencial,sintetico_demo
p_574,p_167,diagnostico_diferencial,sintetico_demo
p_977,p_57,diagnostico_diferencial,sintetico_demo
p_396,p_600,diagnostico_diferencial,sintetico_demo
p_420,p_684,diagnostico_diferencial,sintetico_demo
p_555,p_656,diagnostico_diferencial,sintetico_demo
p_660,p_632,diagnostico_diferencial,sintetico_demo
p_401,p_756,diagnostico_diferencial,sintetico_demo
p_487,p_323,diagnostico_diferencial,sintetico_demo
p_45,p_265,diagnostico_diferencial,sintetico_demo
p_686,p_884,diagnostico_diferencial,sintetico_demo
p_153,p_61,diagnostico_diferencial,sintetico_demo
p_260,p_88,diagnostico_diferencial,sintetico_demo
p_644,p_415,diagnostico_diferencial,sintetico_demo
p_286,p_583,diagnostico_diferencial,sintetico_demo
p_667,p_681,diagnostico_diferencial,sintetico_demo
p_844,p_684,diagnostico_diferencial,sintetico_demo
p_752,p_75,diagnostico_diferencial,sintetico_demo
p_330,p_404,diagnostico_diferencial,sintetico_demo
p_638,p_364,diagnostico_diferencial,sintetico_demo
p_704,p_922,diagnostico_diferencial,sintetico_demo
p_471,p_895,diagnostico_diferencial,sintetico_demo
p_268,p_669,diagnostico_diferencial,sintetico_demo
p_633,p_841,diagnostico_diferencial,sintetico_demo
p_657,p_724,diagnostico_diferencial,sintetico_demo
p_663,p_384,diagnostico_diferencial,sintetico_demo
p_156,p_8,diagnostico_diferencial,sintetico_demo
p_667,p_514,diagnostico_diferencial,sintetico_demo
p_613,p_368,diagnostico_diferencial,sintetico_demo
p_428,p_308,diagnostico_diferencial,sintetico_demo
p_884,p_169,diagnostico_diferencial,sintetico_demo
p_981,p_146,diagnostico_diferencial,sintetico_demo
p_851,p_517,diagnostico_diferencial,sintetico_demo
p_251,p_902,diagnostico_diferencial,sintetico_demo
p_266,p_682,diagnostico_diferencial,sintetico_demo
p_818,p_79,diagnostico_diferencial,sintetico_demo
p_58,p_803,diagnostico_diferencial,sintetico_demo
p_851,p_451,diagnostico_diferencial,sintetico_demo
p_616,p_465,diagnostico_diferencial,sintetico_demo
p_780,p_735,diagnostico_diferencial,sintetico_demo
p_558,p_863,diagnostico_diferencial,sintetico_demo
p_599,p_977,diagnostico_diferencial,sintetico_demo
p_170,p_806,diagnostico_diferencial,sintetico_demo
p_663,p_554,diagnostico_diferencial,sintetico_demo
p_687,p_932,diagnostico_diferencial,sintetico_demo
p_318,p_756,diagnostico_diferencial,sintetico_demo
p_656,p_411,diagnostico_diferencial,sintetico_demo
p_836,p_561,diagnostico_diferencial,sintetico_demo
p_821,p_294,diagnostico_diferencial,sintetico_demo
p_733,p_129,diagnostico_diferencial,sintetico_demo
p_397,p_892,diagnostico_diferencial,sintetico_demo
p_14,p_763,diagnostico_diferencial,sintetico_demo
p_968,p_164,diagnostico_diferencial,sintetico_demo
p_461,p_612,diagnostico_diferencial,sintetico_demo
p_137,p_882,diagnostico_diferencial,sintetico_demo
p_761,p_449,diagnostico_diferencial,sintetico_demo
p_149,p_786,diagnostico_diferencial,sintetico_demo
p_862,p_506,diagnostico_diferencial,sintetico_demo
p_780,p_68,diagnostico_diferencial,sintetico_demo
p_592,p_555,diagnostico_diferencial,sintetico_demo
p_576,p_908,diagnostico_diferencial,sintetico_demo
p_653,p_661,diagnostico_diferencial,sintetico_demo
p_299,p_499,diagnostico_diferencial,sintetico_demo
p_422,p_134,diagnostico_diferencial,sintetico_demo
p_418,p_897,diagnostico_diferencial,sintetico_demo
p_758,p_829,diagnostico_diferencial,sintetico_demo
p_884,p_501,diagnostico_diferencial,sintetico_demo
p_192,p_973,diagnostico_diferencial,sintetico_demo
p_282,p_344,diagnostico_diferencial,sintetico_demo
p_253,p_729,diagnostico_diferencial,sintetico_demo
p_503,p_900,diagnostico_diferencial,sintetico_demo
p_684,p_659,diagnostico_diferencial,sintetico_demo
p_312,p_637,diagnostico_diferencial,sintetico_demo
p_277,p_760,diagnostico_diferencial,sintetico_demo
p_801,p_53,diagnostico_diferencial,sintetico_demo
p_904,p_331,diagnostico_diferencial,sintetico_demo
p_817,p_958,diagnostico_diferencial,sintetico_demo
p_309,p_419,diagnostico_diferencial,sintetico_demo
p_185,p_734,diagnostico_diferencial,sintetico_demo
p_867,p_720,diagnostico_diferencial,sintetico_demo
p_223,p_655,diagnostico_diferencial,sintetico_demo
p_573,p_312,diagnostico_diferencial,sintetico_demo
p_421,p_831,diagnostico_diferencial,sintetico_demo
p_595,p_137,diagnostico_diferencial,sintetico_demo
p_26,p_354,diagnostico_diferencial,sintetico_demo
p_380,p_501,diagnostico_diferencial,sintetico_demo
p_319,p_224,diagnostico_diferencial,sintetico_demo
p_130,p_613,diagnostico_diferencial,sintetico_demo
p_638,p_98,diagnostico_diferencial,sintetico_demo
p_522,p_306,diagnostico_diferencial,sintetico_demo
p_279,p_794,diagnostico_diferencial,sintetico_demo
p_284,p_390,diagnostico_diferencial,sintetico_demo
p_196,p_90,diagnostico_diferencial,sintetico_demo
p_736,p_808,diagnostico_diferencial,sintetico_demo
p_775,p_373,diagnostico_diferencial,sintetico_demo
p_274,p_203,diagnostico_diferencial,sintetico_demo
p_67,p_893,diagnostico_diferencial,sintetico_demo
p_232,p_749,diagnostico_diferencial,sintetico_demo
p_610,p_608,diagnostico_diferencial,sintetico_demo
p_221,p_632,diagnostico_diferencial,sintetico_demo
p_452,p_908,diagnostico_diferencial,sintetico_demo
p_635,p_116,diagnostico_diferencial,sintetico_demo
p_303,p_65,diagnostico_diferencial,sintetico_demo
p_935,p_130,diagnostico_diferencial,sintetico_demo
p_613,p_778,diagnostico_diferencial,sintetico_demo
p_962,p_900,diagnostico_diferencial,sintetico_demo
p_399,p_827,diagnostico_diferencial,sintetico_demo
p_319,p_385,diagnostico_diferencial,sintetico_demo
p_263,p_91,diagnostico_diferencial,sintetico_demo
p_364,p_76,diagnostico_diferencial,sintetico_demo
p_388,p_749,diagnostico_diferencial,sintetico_demo
p_741,p_251,diagnostico_diferencial,sintetico_demo
p_634,p_738,diagnostico_diferencial,sintetico_demo
p_226,p_871,diagnostico_diferencial,sintetico_demo
p_455,p_319,diagnostico_diferencial,sintetico_demo
p_739,p_652,diagnostico_diferencial,sintetico_demo
p_664,p_53,diagnostico_diferencial,sintetico_demo
p_820,p_651,diagnostico_diferencial,sintetico_demo
p_304,p_657,diagnostico_diferencial,sintetico_demo
p_504,p_785,diagnostico_diferencial,sintetico_demo
p_327,p_144,diagnostico_diferencial,sintetico_demo
p_660,p_678,diagnostico_diferencial,sintetico_demo
p_818,p_85,diagnostico_diferencial,sintetico_demo
p_941,p_140,diagnostico_diferencial,sintetico_demo
p_520,p_44,diagnostico_diferencial,sintetico_demo
p_319,p_639,diagnostico_diferencial,sintetico_demo
p_735,p_869,diagnostico_diferencial,sintetico_demo
p_491,p_116,diagnostico_diferencial,sintetico_demo
p_460,p_146,diagnostico_diferencial,sintetico_demo
p_534,p_983,diagnostico_diferencial,sintetico_demo
p_443,p_658,diagnostico_diferencial,sintetico_demo
p_442,p_20,diagnostico_diferencial,sintetico_demo
p_903,p_535,diagnostico_diferencial,sintetico_demo
p_703,p_157,diagnostico_diferencial,sintetico_demo
p_226,p_475,diagnostico_diferencial,sintetico_demo
p_565,p_47,diagnostico_diferencial,sintetico_demo
p_603,p_418,diagnostico_diferencial,sintetico_demo
p_526,p_109,diagnostico_diferencial,sintetico_demo
p_819,p_570,diagnostico_diferencial,sintetico_demo
p_988,p_997,diagnostico_diferencial,sintetico_demo
p_690,p_528,diagnostico_diferencial,sintetico_demo
p_515,p_303,diagnostico_diferencial,sintetico_demo
p_417,p_481,diagnostico_diferencial,sintetico_demo
p_100,p_566,diagnostico_diferencial,sintetico_demo
p_407,p_136,diagnostico_diferencial,sintetico_demo
p_404,p_76,diagnostico_diferencial,sintetico_demo
p_129,p_269,diagnostico_diferencial,sintetico_demo
p_518,p_921,diagnostico_diferencial,sintetico_demo
p_695,p_691,diagnostico_diferencial,sintetico_demo
p_842,p_84,diagnostico_diferencial,sintetico_demo
p_843,p_811,diagnostico_diferencial,sintetico_demo
p_963,p_467,diagnostico_diferencial,sintetico_demo
p_34,p_650,diagnostico_diferencial,sintetico_demo
p_743,p_818,diagnostico_diferencial,sintetico_demo
p_153,p_681,diagnostico_diferencial,sintetico_demo
p_401,p_241,diagnostico_diferencial,sintetico_demo
p_63,p_957,diagnostico_diferencial,sintetico_demo
p_758,p_930,diagnostico_diferencial,sintetico_demo
p_889,p_63,diagnostico_diferencial,sintetico_demo
p_567,p_239,diagnostico_diferencial,sintetico_demo
p_228,p_94,diagnostico_diferencial,sintetico_demo
p_975,p_657,diagnostico_diferencial,sintetico_demo
p_822,p_397,diagnostico_diferencial,sintetico_demo
p_907,p_887,diagnostico_diferencial,sintetico_demo
p_252,p_48,diagnostico_diferencial,sintetico_demo
p_487,p_452,diagnostico_diferencial,sintetico_demo
p_804,p_144,diagnostico_diferencial,sintetico_demo
p_563,p_916,diagnostico_diferencial,sintetico_demo
p_914,p_397,diagnostico_diferencial,sintetico_demo
p_14,p_770,diagnostico_diferencial,sintetico_demo
p_894,p_670,diagnostico_diferencial,sintetico_demo
p_853,p_728,diagnostico_diferencial,sintetico_demo
p_339,p_302,diagnostico_diferencial,sintetico_demo
p_362,p_427,diagnostico_diferencial,sintetico_demo
p_179,p_16,diagnostico_diferencial,sintetico_demo
p_588,p_985,diagnostico_diferencial,sintetico_demo
p_214,p_80,diagnostico_diferencial,sintetico_demo
p_734,p_183,diagnostico_diferencial,sintetico_demo
p_153,p_466,diagnostico_diferencial,sintetico_demo
p_44,p_282,diagnostico_diferencial,sintetico_demo
p_351,p_70,diagnostico_diferencial,sintetico_demo
p_20,p_89,diagnostico_diferencial,sintetico_demo
p_592,p_708,diagnostico_diferencial,sintetico_demo
p_988,p_641,diagnostico_diferencial,sintetico_demo
p_564,p_591,diagnostico_diferencial,sintetico_demo
p_668,p_957,diagnostico_diferencial,sintetico_demo
p_943,p_364,diagnostico_diferencial,sintetico_demo
p_981,p_202,diagnostico_diferencial,sintetico_demo
p_368,p_230,diagnostico_diferencial,sintetico_demo
p_658,p_598,diagnostico_diferencial,sintetico_demo
p_693,p_738,diagnostico_diferencial,sintetico_demo
p_77,p_5,diagnostico_diferencial,sintetico_demo
p_894,p_356,diagnostico_diferencial,sintetico_demo
p_118,p_448,diagnostico_diferencial,sintetico_demo
p_358,p_736,diagnostico_diferencial,sintetico_demo
p_854,p_145,diagnostico_diferencial,sintetico_demo
p_616,p_54,diagnostico_diferencial,sintetico_demo
p_513,p_66,diagnostico_diferencial,sintetico_demo
p_626,p_696,diagnostico_diferencial,sintetico_demo
p_502,p_146,diagnostico_diferencial,sintetico_demo
p_31,p_585,diagnostico_diferencial,sintetico_demo
p_357,p_979,diagnostico_diferencial,sintetico_demo
p_61,p_650,diagnostico_diferencial,sintetico_demo
p_96,p_735,diagnostico_diferencial,sintetico_demo
p_377,p_231,diagnostico_diferencial,sintetico_demo
p_646,p_467,diagnostico_diferencial,sintetico_demo
p_495,p_694,diagnostico_diferencial,sintetico_demo
p_609,p_95,diagnostico_diferencial,sintetico_demo
p_451,p_490,diagnostico_diferencial,sintetico_demo
p_214,p_932,diagnostico_diferencial,sintetico_demo
p_83,p_853,diagnostico_diferencial,sintetico_demo
p_405,p_247,diagnostico_diferencial,sintetico_demo
p_668,p_131,diagnostico_diferencial,sintetico_demo
p_106,p_524,diagnostico_diferencial,sintetico_demo
p_488,p_69,diagnostico_diferencial,sintetico_demo
p_356,p_348,diagnostico_diferencial,sintetico_demo
p_130,p_441,diagnostico_diferencial,sintetico_demo
p_21,p_255,diagnostico_diferencial,sintetico_demo
p_595,p_385,diagnostico_diferencial,sintetico_demo
p_600,p_504,diagnostico_diferencial,sintetico_demo
p_225,p_699,diagnostico_diferencial,sintetico_demo
p_105,p_600,diagnostico_diferencial,sintetico_demo
p_948,p_415,diagnostico_diferencial,sintetico_demo
p_860,p_318,diagnostico_diferencial,sintetico_demo
p_952,p_315,diagnostico_diferencial,sintetico_demo
p_393,p_665,diagnostico_diferencial,sintetico_demo
p_870,p_985,diagnostico_diferencial,sintetico_demo
p_100,p_997,diagnostico_diferencial,sintetico_demo
p_807,p_661,diagnostico_diferencial,sintetico_demo
p_881,p_329,diagnostico_diferencial,sintetico_demo
p_147,p_982,diagnostico_diferencial,sintetico_demo
p_892,p_131,diagnostico_diferencial,sintetico_demo
p_229,p_143,diagnostico_diferencial,sintetico_demo
p_86,p_246,diagnostico_diferencial,sintetico_demo
p_522,p_62,diagnostico_diferencial,sintetico_demo
p_647,p_681,diagnostico_diferencial,sintetico_demo
p_92,p_928,diagnostico_diferencial,sintetico_demo
p_803,p_908,diagnostico_diferencial,sintetico_demo
p_152,p_813,diagnostico_diferencial,sintetico_demo
p_422,p_502,diagnostico_diferencial,sintetico_demo
p_353,p_235,diagnostico_diferencial,sintetico_demo
p_878,p_396,diagnostico_diferencial,sintetico_demo
p_607,p_800,diagnostico_diferencial,sintetico_demo
p_573,p_122,diagnostico_diferencial,sintetico_demo
p_872,p_269,diagnostico_diferencial,sintetico_demo
p_982,p_7,diagnostico_diferencial,sintetico_demo
p_916,p_729,diagnostico_diferencial,sintetico_demo
