id,texto,costo
q_0,¿Pregunta relacionada a Variable 0?,2
q_1,¿Pregunta relacionada a Variable 1?,2
q_2,¿Pregunta relacionada a Variable 2?,2
q_3,¿Pregunta relacionada a Variable 3?,1
q_4,¿Pregunta relacionada a Variable 4?,3
q_5,¿Pregunta relacionada a Variable 5?,2
q_6,¿Pregunta relacionada a Variable 6?,1
q_7,¿Pregunta relacionada a Variable 7?,1
q_8,¿Pregunta relacionada a Variable 8?,1
q_9,¿Pregunta relacionada a Variable 9?,1
q_10,¿Pregunta relacionada a Variable 10?,3
q_11,¿Pregunta relacionada a Variable 11?,3
q_12,¿Pregunta relacionada a Variable 12?,1
q_13,¿Pregunta relacionada a Variable 13?,2
q_14,¿Pregunta relacionada a Variable 14?,3
q_15,¿Pregunta relacionada a Variable 15?,2
q_16,¿Pregunta relacionada a Variable 16?,2
q_17,¿Pregunta relacionada a Variable 17?,3
q_18,¿Pregunta relacionada a Variable 18?,2
q_19,¿Pregunta relacionada a Variable 19?,3
q_20,¿Pregunta relacionada a Variable 20?,3
q_21,¿Pregunta relacionada a Variable 21?,2
q_22,¿Pregunta relacionada a Variable 22?,2
q_23,¿Pregunta relacionada a Variable 23?,1
q_24,¿Pregunta relacionada a Variable 24?,3
q_25,¿Pregunta relacionada a Variable 25?,2
q_26,¿Pregunta relacionada a Variable 26?,3
q_27,¿Pregunta relacionada a Variable 27?,1
q_28,¿Pregunta relacionada a Variable 28?,1
q_29,¿Pregunta relacionada a Variable 29?,1
q_30,¿Pregunta relacionada a Variable 30?,1
q_31,¿Pregunta relacionada a Variable 31?,1
q_32,¿Pregunta relacionada a Variable 32?,1
q_33,¿Pregunta relacionada a Variable 33?,1
q_34,¿Pregunta relacionada a Variable 34?,1
q_35,¿Pregunta relacionada a Variable 35?,3
q_36,¿Pregunta relacionada a Variable 36?,2
q_37,¿Pregunta relacionada a Variable 37?,3
q_38,¿Pregunta relacionada a Variable 38?,3
q_39,¿Pregunta relacionada a Variable 39?,2
q_40,¿Pregunta relacionada a Variable 40?,2
q_41,¿Pregunta relacionada a Variable 41?,1
q_42,¿Pregunta relacionada a Variable 42?,2
q_43,¿Pregunta relacionada a Variable 43?,3
q_44,¿Pregunta relacionada a Variable 44?,1
q_45,¿Pregunta relacionada a Variable 45?,3
q_46,¿Pregunta relacionada a Variable 46?,2
q_47,¿Pregunta relacionada a Variable 47?,3
q_48,¿Pregunta relacionada a Variable 48?,3
q_49,¿Pregunta relacionada a Variable 49?,1
q_50,¿Pregunta relacionada a Variable 50?,1
q_51,¿Pregunta relacionada a Variable 51?,3
q_52,¿Pregunta relacionada a Variable 52?,2
q_53,¿Pregunta relacionada a Variable 53?,1
q_54,¿Pregunta relacionada a Variable 54?,3
q_55,¿Pregunta relacionada a Variable 55?,1
q_56,¿Pregunta relacionada a Variable 56?,1
q_57,¿Pregunta relacionada a Variable 57?,2
q_58,¿Pregunta relacionada a Variable 58?,3
q_59,¿Pregunta relacionada a Variable 59?,3
q_60,¿Pregunta relacionada a Variable 60?,3
q_61,¿Pregunta relacionada a Variable 61?,3
q_62,¿Pregunta relacionada a Variable 62?,3
q_63,¿Pregunta relacionada a Variable 63?,1
q_64,¿Pregunta relacionada a Variable 64?,1
q_65,¿Pregunta relacionada a Variable 65?,1
q_66,¿Pregunta relacionada a Variable 66?,1
q_67,¿Pregunta relacionada a Variable 67?,2
q_68,¿Pregunta relacionada a Variable 68?,2
q_69,¿Pregunta relacionada a Variable 69?,3
q_70,¿Pregunta relacionada a Variable 70?,2
q_71,¿Pregunta relacionada a Variable 71?,1
q_72,¿Pregunta relacionada a Variable 72?,1
q_73,¿Pregunta relacionada a Variable 73?,1
q_74,¿Pregunta relacionada a Variable 74?,1
q_75,¿Pregunta relacionada a Variable 75?,1
q_76,¿Pregunta relacionada a Variable 76?,3
q_77,¿Pregunta relacionada a Variable 77?,3
q_78,¿Pregunta relacionada a Variable 78?,1
q_79,¿Pregunta relacionada a Variable 79?,3
q_80,¿Pregunta relacionada a Variable 80?,2
q_81,¿Pregunta relacionada a Variable 81?,2
q_82,¿Pregunta relacionada a Variable 82?,1
q_83,¿Pregunta relacionada a Variable 83?,3
q_84,¿Pregunta relacionada a Variable 84?,1
q_85,¿Pregunta relacionada a Variable 85?,3
q_86,¿Pregunta relacionada a Variable 86?,1
q_87,¿Pregunta relacionada a Variable 87?,1
q_88,¿Pregunta relacionada a Variable 88?,1
q_89,¿Pregunta relacionada a Variable 89?,2
q_90,¿Pregunta relacionada a Variable 90?,3
q_91,¿Pregunta relacionada a Variable 91?,3
q_92,¿Pregunta relacionada a Variable 92?,2
q_93,¿Pregunta relacionada a Variable 93?,2
q_94,¿Pregunta relacionada a Variable 94?,3
q_95,¿Pregunta relacionada a Variable 95?,3
q_96,¿Pregunta relacionada a Variable 96?,1
q_97,¿Pregunta relacionada a Variable 97?,1
q_98,¿Pregunta relacionada a Variable 98?,3
q_99,¿Pregunta relacionada a Variable 99?,3
q_100,¿Pregunta relacionada a Variable 100?,1
q_101,¿Pregunta relacionada a Variable 101?,2
q_102,¿Pregunta relacionada a Variable 102?,3
q_103,¿Pregunta relacionada a Variable 103?,3
q_104,¿Pregunta relacionada a Variable 104?,2
q_105,¿Pregunta relacionada a Variable 105?,2
q_106,¿Pregunta relacionada a Variable 106?,2
q_107,¿Pregunta relacionada a Variable 107?,3
q_108,¿Pregunta relacionada a Variable 108?,3
q_109,¿Pregunta relacionada a Variable 109?,3
q_110,¿Pregunta relacionada a Variable 110?,1
q_111,¿Pregunta relacionada a Variable 111?,2
q_112,¿Pregunta relacionada a Variable 112?,2
q_113,¿Pregunta relacionada a Variable 113?,1
q_114,¿Pregunta relacionada a Variable 114?,1
q_115,¿Pregunta relacionada a Variable 115?,1
q_116,¿Pregunta relacionada a Variable 116?,1
q_117,¿Pregunta relacionada a Variable 117?,2
q_118,¿Pregunta relacionada a Variable 118?,1
q_119,¿Pregunta relacionada a Variable 119?,1
q_120,¿Pregunta relacionada a Variable 120?,2
q_121,¿Pregunta relacionada a Variable 121?,2
q_122,¿Pregunta relacionada a Variable 122?,2
q_123,¿Pregunta relacionada a Variable 123?,2
q_124,¿Pregunta relacionada a Variable 124?,3
q_125,¿Pregunta relacionada a Variable 125?,3
q_126,¿Pregunta relacionada a Variable 126?,3
q_127,¿Pregunta relacionada a Variable 127?,3
q_128,¿Pregunta relacionada a Variable 128?,2
q_129,¿Pregunta relacionada a Variable 129?,3
q_130,¿Pregunta relacionada a Variable 130?,1
q_131,¿Pregunta relacionada a Variable 131?,1
q_132,¿Pregunta relacionada a Variable 132?,1
q_133,¿Pregunta relacionada a Variable 133?,3
q_134,¿Pregunta relacionada a Variable 134?,3
q_135,¿Pregunta relacionada a Variable 135?,1
q_136,¿Pregunta relacionada a Variable 136?,3
q_137,¿Pregunta relacionada a Variable 137?,2
q_138,¿Pregunta relacionada a Variable 138?,3
q_139,¿Pregunta relacionada a Variable 139?,1
q_140,¿Pregunta relacionada a Variable 140?,1
q_141,¿Pregunta relacionada a Variable 141?,3
q_142,¿Pregunta relacionada a Variable 142?,3
q_143,¿Pregunta relacionada a Variable 143?,1
q_144,¿Pregunta relacionada a Variable 144?,1
q_145,¿Pregunta relacionada a Variable 145?,3
q_146,¿Pregunta relacionada a Variable 146?,3
q_147,¿Pregunta relacionada a Variable 147?,1
q_148,¿Pregunta relacionada a Variable 148?,1
q_149,¿Pregunta relacionada a Variable 149?,1
q_150,¿Pregunta relacionada a Variable 150?,1
q_151,¿Pregunta relacionada a Variable 151?,1
q_152,¿Pregunta relacionada a Variable 152?,1
q_153,¿Pregunta relacionada a Variable 153?,1
q_154,¿Pregunta relacionada a Variable 154?,3
q_155,¿Pregunta relacionada a Variable 155?,2
q_156,¿Pregunta relacionada a Variable 156?,2
q_157,¿Pregunta relacionada a Variable 157?,3
q_158,¿Pregunta relacionada a Variable 158?,2
q_159,¿Pregunta relacionada a Variable 159?,3
q_160,¿Pregunta relacionada a Variable 160?,3
q_161,¿Pregunta relacionada a Variable 161?,3
q_162,¿Pregunta relacionada a Variable 162?,3
q_163,¿Pregunta relacionada a Variable 163?,2
q_164,¿Pregunta relacionada a Variable 164?,3
q_165,¿Pregunta relacionada a Variable 165?,1
q_166,¿Pregunta relacionada a Variable 166?,3
q_167,¿Pregunta relacionada a Variable 167?,2
q_168,¿Pregunta relacionada a Variable 168?,2
q_169,¿Pregunta relacionada a Variable 169?,2
q_170,¿Pregunta relacionada a Variable 170?,2
q_171,¿Pregunta relacionada a Variable 171?,1
q_172,¿Pregunta relacionada a Variable 172?,3
q_173,¿Pregunta relacionada a Variable 173?,1
q_174,¿Pregunta relacionada a Variable 174?,3
q_175,¿Pregunta relacionada a Variable 175?,3
q_176,¿Pregunta relacionada a Variable 176?,1
q_177,¿Pregunta relacionada a Variable 177?,1
q_178,¿Pregunta relacionada a Variable 178?,2
q_179,¿Pregunta relacionada a Variable 179?,3
q_180,¿Pregunta relacionada a Variable 180?,3
q_181,¿Pregunta relacionada a Variable 181?,3
q_182,¿Pregunta relacionada a Variable 182?,3
q_183,¿Pregunta relacionada a Variable 183?,3
q_184,¿Pregunta relacionada a Variable 184?,3
q_185,¿Pregunta relacionada a Variable 185?,2
q_186,¿Pregunta relacionada a Variable 186?,3
q_187,¿Pregunta relacionada a Variable 187?,2
q_188,¿Pregunta relacionada a Variable 188?,3
q_189,¿Pregunta relacionada a Variable 189?,3
q_190,¿Pregunta relacionada a Variable 190?,1
q_191,¿Pregunta relacionada a Variable 191?,3
q_192,¿Pregunta relacionada a Variable 192?,1
q_193,¿Pregunta relacionada a Variable 193?,1
q_194,¿Pregunta relacionada a Variable 194?,1
q_195,¿Pregunta relacionada a Variable 195?,2
q_196,¿Pregunta relacionada a Variable 196?,1
q_197,¿Pregunta relacionada a Variable 197?,1
q_198,¿Pregunta relacionada a Variable 198?,1
q_199,¿Pregunta relacionada a Variable 199?,3
q_200,¿Pregunta relacionada a Variable 200?,2
q_201,¿Pregunta relacionada a Variable 201?,2
q_202,¿Pregunta relacionada a Variable 202?,2
q_203,¿Pregunta relacionada a Variable 203?,2
q_204,¿Pregunta relacionada a Variable 204?,3
q_205,¿Pregunta relacionada a Variable 205?,1
q_206,¿Pregunta relacionada a Variable 206?,3
q_207,¿Pregunta relacionada a Variable 207?,2
q_208,¿Pregunta relacionada a Variable 208?,3
q_209,¿Pregunta relacionada a Variable 209?,3
q_210,¿Pregunta relacionada a Variable 210?,2
q_211,¿Pregunta relacionada a Variable 211?,1
q_212,¿Pregunta relacionada a Variable 212?,3
q_213,¿Pregunta relacionada a Variable 213?,2
q_214,¿Pregunta relacionada a Variable 214?,3
q_215,¿Pregunta relacionada a Variable 215?,3
q_216,¿Pregunta relacionada a Variable 216?,3
q_217,¿Pregunta relacionada a Variable 217?,1
q_218,¿Pregunta relacionada a Variable 218?,3
q_219,¿Pregunta relacionada a Variable 219?,3
q_220,¿Pregunta relacionada a Variable 220?,1
q_221,¿Pregunta relacionada a Variable 221?,3
q_222,¿Pregunta relacionada a Variable 222?,3
q_223,¿Pregunta relacionada a Variable 223?,1
q_224,¿Pregunta relacionada a Variable 224?,2
q_225,¿Pregunta relacionada a Variable 225?,3
q_226,¿Pregunta relacionada a Variable 226?,2
q_227,¿Pregunta relacionada a Variable 227?,2
q_228,¿Pregunta relacionada a Variable 228?,2
q_229,¿Pregunta relacionada a Variable 229?,1
q_230,¿Pregunta relacionada a Variable 230?,1
q_231,¿Pregunta relacionada a Variable 231?,3
q_232,¿Pregunta relacionada a Variable 232?,2
q_233,¿Pregunta relacionada a Variable 233?,1
q_234,¿Pregunta relacionada a Variable 234?,1
q_235,¿Pregunta relacionada a Variable 235?,2
q_236,¿Pregunta relacionada a Variable 236?,1
q_237,¿Pregunta relacionada a Variable 237?,2
q_238,¿Pregunta relacionada a Variable 238?,1
q_239,¿Pregunta relacionada a Variable 239?,2
q_240,¿Pregunta relacionada a Variable 240?,1
q_241,¿Pregunta relacionada a Variable 241?,1
q_242,¿Pregunta relacionada a Variable 242?,1
q_243,¿Pregunta relacionada a Variable 243?,1
q_244,¿Pregunta relacionada a Variable 244?,2
q_245,¿Pregunta relacionada a Variable 245?,3
q_246,¿Pregunta relacionada a Variable 246?,3
q_247,¿Pregunta relacionada a Variable 247?,1
q_248,¿Pregunta relacionada a Variable 248?,3
q_249,¿Pregunta relacionada a Variable 249?,1
q_250,¿Pregunta relacionada a Variable 250?,3
q_251,¿Pregunta relacionada a Variable 251?,1
q_252,¿Pregunta relacionada a Variable 252?,3
q_253,¿Pregunta relacionada a Variable 253?,3
q_254,¿Pregunta relacionada a Variable 254?,1
q_255,¿Pregunta relacionada a Variable 255?,3
q_256,¿Pregunta relacionada a Variable 256?,1
q_257,¿Pregunta relacionada a Variable 257?,3
q_258,¿Pregunta relacionada a Variable 258?,2
q_259,¿Pregunta relacionada a Variable 259?,2
q_260,¿Pregunta relacionada a Variable 260?,2
q_261,¿Pregunta relacionada a Variable 261?,1
q_262,¿Pregunta relacionada a Variable 262?,1
q_263,¿Pregunta relacionada a Variable 263?,1
q_264,¿Pregunta relacionada a Variable 264?,2
q_265,¿Pregunta relacionada a Variable 265?,3
q_266,¿Pregunta relacionada a Variable 266?,1
q_267,¿Pregunta relacionada a Variable 267?,2
q_268,¿Pregunta relacionada a Variable 268?,1
q_269,¿Pregunta relacionada a Variable 269?,1
q_270,¿Pregunta relacionada a Variable 270?,3
q_271,¿Pregunta relacionada a Variable 271?,1
q_272,¿Pregunta relacionada a Variable 272?,1
q_273,¿Pregunta relacionada a Variable 273?,3
q_274,¿Pregunta relacionada a Variable 274?,1
q_275,¿Pregunta relacionada a Variable 275?,1
q_276,¿Pregunta relacionada a Variable 276?,3
q_277,¿Pregunta relacionada a Variable 277?,1
q_278,¿Pregunta relacionada a Variable 278?,1
q_279,¿Pregunta relacionada a Variable 279?,2
q_280,¿Pregunta relacionada a Variable 280?,3
q_281,¿Pregunta relacionada a Variable 281?,2
q_282,¿Pregunta relacionada a Variable 282?,3
q_283,¿Pregunta relacionada a Variable 283?,1
q_284,¿Pregunta relacionada a Variable 284?,2
q_285,¿Pregunta relacionada a Variable 285?,2
q_286,¿Pregunta relacionada a Variable 286?,2
q_287,¿Pregunta relacionada a Variable 287?,2
q_288,¿Pregunta relacionada a Variable 288?,3
q_289,¿Pregunta relacionada a Variable 289?,1
q_290,¿Pregunta relacionada a Variable 290?,1
q_291,¿Pregunta relacionada a Variable 291?,2
q_292,¿Pregunta relacionada a Variable 292?,1
q_293,¿Pregunta relacionada a Variable 293?,1
q_294,¿Pregunta relacionada a Variable 294?,3
q_295,¿Pregunta relacionada a Variable 295?,1
q_296,¿Pregunta relacionada a Variable 296?,1
q_297,¿Pregunta relacionada a Variable 297?,1
q_298,¿Pregunta relacionada a Variable 298?,1
q_299,¿Pregunta relacionada a Variable 299?,2
q_300,¿Pregunta relacionada a Variable 300?,3
q_301,¿Pregunta relacionada a Variable 301?,3
q_302,¿Pregunta relacionada a Variable 302?,3
q_303,¿Pregunta relacionada a Variable 303?,1
q_304,¿Pregunta relacionada a Variable 304?,2
q_305,¿Pregunta relacionada a Variable 305?,3
q_306,¿Pregunta relacionada a Variable 306?,2
q_307,¿Pregunta relacionada a Variable 307?,3
q_308,¿Pregunta relacionada a Variable 308?,2
q_309,¿Pregunta relacionada a Variable 309?,1
q_310,¿Pregunta relacionada a Variable 310?,1
q_311,¿Pregunta relacionada a Variable 311?,3
q_312,¿Pregunta relacionada a Variable 312?,3
q_313,¿Pregunta relacionada a Variable 313?,3
q_314,¿Pregunta relacionada a Variable 314?,1
q_315,¿Pregunta relacionada a Variable 315?,1
q_316,¿Pregunta relacionada a Variable 316?,3
q_317,¿Pregunta relacionada a Variable 317?,3
q_318,¿Pregunta relacionada a Variable 318?,1
q_319,¿Pregunta relacionada a Variable 319?,3
q_320,¿Pregunta relacionada a Variable 320?,3
q_321,¿Pregunta relacionada a Variable 321?,3
q_322,¿Pregunta relacionada a Variable 322?,1
q_323,¿Pregunta relacionada a Variable 323?,1
q_324,¿Pregunta relacionada a Variable 324?,2
q_325,¿Pregunta relacionada a Variable 325?,2
q_326,¿Pregunta relacionada a Variable 326?,2
q_327,¿Pregunta relacionada a Variable 327?,2
q_328,¿Pregunta relacionada a Variable 328?,3
q_329,¿Pregunta relacionada a Variable 329?,1
q_330,¿Pregunta relacionada a Variable 330?,1
q_331,¿Pregunta relacionada a Variable 331?,2
q_332,¿Pregunta relacionada a Variable 332?,3
q_333,¿Pregunta relacionada a Variable 333?,1
q_334,¿Pregunta relacionada a Variable 334?,1
q_335,¿Pregunta relacionada a Variable 335?,3
q_336,¿Pregunta relacionada a Variable 336?,3
q_337,¿Pregunta relacionada a Variable 337?,2
q_338,¿Pregunta relacionada a Variable 338?,2
q_339,¿Pregunta relacionada a Variable 339?,3
q_340,¿Pregunta relacionada a Variable 340?,1
q_341,¿Pregunta relacionada a Variable 341?,3
q_342,¿Pregunta relacionada a Variable 342?,3
q_343,¿Pregunta relacionada a Variable 343?,1
q_344,¿Pregunta relacionada a Variable 344?,1
q_345,¿Pregunta relacionada a Variable 345?,2
q_346,¿Pregunta relacionada a Variable 346?,3
q_347,¿Pregunta relacionada a Variable 347?,2
q_348,¿Pregunta relacionada a Variable 348?,3
q_349,¿Pregunta relacionada a Variable 349?,3
q_350,¿Pregunta relacionada a Variable 350?,1
q_351,¿Pregunta relacionada a Variable 351?,3
q_352,¿Pregunta relacionada a Variable 352?,3
q_353,¿Pregunta relacionada a Variable 353?,1
q_354,¿Pregunta relacionada a Variable 354?,1
q_355,¿Pregunta relacionada a Variable 355?,1
q_356,¿Pregunta relacionada a Variable 356?,3
q_357,¿Pregunta relacionada a Variable 357?,1
q_358,¿Pregunta relacionada a Variable 358?,3
q_359,¿Pregunta relacionada a Variable 359?,2
q_360,¿Pregunta relacionada a Variable 360?,1
q_361,¿Pregunta relacionada a Variable 361?,2
q_362,¿Pregunta relacionada a Variable 362?,2
q_363,¿Pregunta relacionada a Variable 363?,1
q_364,¿Pregunta relacionada a Variable 364?,1
q_365,¿Pregunta relacionada a Variable 365?,3
q_366,¿Pregunta relacionada a Variable 366?,1
q_367,¿Pregunta relacionada a Variable 367?,2
q_368,¿Pregunta relacionada a Variable 368?,2
q_369,¿Pregunta relacionada a Variable 369?,2
q_370,¿Pregunta relacionada a Variable 370?,3
q_371,¿Pregunta relacionada a Variable 371?,3
q_372,¿Pregunta relacionada a Variable 372?,1
q_373,¿Pregunta relacionada a Variable 373?,1
q_374,¿Pregunta relacionada a Variable 374?,1
q_375,¿Pregunta relacionada a Variable 375?,2
q_376,¿Pregunta relacionada a Variable 376?,2
q_377,¿Pregunta relacionada a Variable 377?,2
q_378,¿Pregunta relacionada a Variable 378?,1
q_379,¿Pregunta relacionada a Variable 379?,1
q_380,¿Pregunta relacionada a Variable 380?,2
q_381,¿Pregunta relacionada a Variable 381?,1
q_382,¿Pregunta relacionada a Variable 382?,3
q_383,¿Pregunta relacionada a Variable 383?,1
q_384,¿Pregunta relacionada a Variable 384?,2
q_385,¿Pregunta relacionada a Variable 385?,1
q_386,¿Pregunta relacionada a Variable 386?,3
q_387,¿Pregunta relacionada a Variable 387?,2
q_388,¿Pregunta relacionada a Variable 388?,1
q_389,¿Pregunta relacionada a Variable 389?,1
q_390,¿Pregunta relacionada a Variable 390?,1
q_391,¿Pregunta relacionada a Variable 391?,1
q_392,¿Pregunta relacionada a Variable 392?,3
q_393,¿Pregunta relacionada a Variable 393?,1
q_394,¿Pregunta relacionada a Variable 394?,1
q_395,¿Pregunta relacionada a Variable 395?,2
q_396,¿Pregunta relacionada a Variable 396?,3
q_397,¿Pregunta relacionada a Variable 397?,2
q_398,¿Pregunta relacionada a Variable 398?,3
q_399,¿Pregunta relacionada a Variable 399?,1
q_400,¿Pregunta relacionada a Variable 400?,3
q_401,¿Pregunta relacionada a Variable 401?,2
q_402,¿Pregunta relacionada a Variable 402?,1
q_403,¿Pregunta relacionada a Variable 403?,2
q_404,¿Pregunta relacionada a Variable 404?,2
q_405,¿Pregunta relacionada a Variable 405?,3
q_406,¿Pregunta relacionada a Variable 406?,1
q_407,¿Pregunta relacionada a Variable 407?,2
q_408,¿Pregunta relacionada a Variable 408?,2
q_409,¿Pregunta relacionada a Variable 409?,3
q_410,¿Pregunta relacionada a Variable 410?,2
q_411,¿Pregunta relacionada a Variable 411?,1
q_412,¿Pregunta relacionada a Variable 412?,1
q_413,¿Pregunta relacionada a Variable 413?,3
q_414,¿Pregunta relacionada a Variable 414?,2
q_415,¿Pregunta relacionada a Variable 415?,3
q_416,¿Pregunta relacionada a Variable 416?,3
q_417,¿Pregunta relacionada a Variable 417?,2
q_418,¿Pregunta relacionada a Variable 418?,1
q_419,¿Pregunta relacionada a Variable 419?,3
q_420,¿Pregunta relacionada a Variable 420?,1
q_421,¿Pregunta relacionada a Variable 421?,1
q_422,¿Pregunta relacionada a Variable 422?,2
q_423,¿Pregunta relacionada a Variable 423?,2
q_424,¿Pregunta relacionada a Variable 424?,1
q_425,¿Pregunta relacionada a Variable 425?,1
q_426,¿Pregunta relacionada a Variable 426?,1
q_427,¿Pregunta relacionada a Variable 427?,3
q_428,¿Pregunta relacionada a Variable 428?,1
q_429,¿Pregunta relacionada a Variable 429?,3
q_430,¿Pregunta relacionada a Variable 430?,2
q_431,¿Pregunta relacionada a Variable 431?,2
q_432,¿Pregunta relacionada a Variable 432?,1
q_433,¿Pregunta relacionada a Variable 433?,2
q_434,¿Pregunta relacionada a Variable 434?,1
q_435,¿Pregunta relacionada a Variable 435?,3
q_436,¿Pregunta relacionada a Variable 436?,1
q_437,¿Pregunta relacionada a Variable 437?,2
q_438,¿Pregunta relacionada a Variable 438?,1
q_439,¿Pregunta relacionada a Variable 439?,2
q_440,¿Pregunta relacionada a Variable 440?,3
q_441,¿Pregunta relacionada a Variable 441?,2
q_442,¿Pregunta relacionada a Variable 442?,2
q_443,¿Pregunta relacionada a Variable 443?,2
q_444,¿Pregunta relacionada a Variable 444?,2
q_445,¿Pregunta relacionada a Variable 445?,2
q_446,¿Pregunta relacionada a Variable 446?,2
q_447,¿Pregunta relacionada a Variable 447?,1
q_448,¿Pregunta relacionada a Variable 448?,3
q_449,¿Pregunta relacionada a Variable 449?,1
q_450,¿Pregunta relacionada a Variable 450?,3
q_451,¿Pregunta relacionada a Variable 451?,1
q_452,¿Pregunta relacionada a Variable 452?,3
q_453,¿Pregunta relacionada a Variable 453?,3
q_454,¿Pregunta relacionada a Variable 454?,1
q_455,¿Pregunta relacionada a Variable 455?,1
q_456,¿Pregunta relacionada a Variable 456?,3
q_457,¿Pregunta relacionada a Variable 457?,2
q_458,¿Pregunta relacionada a Variable 458?,3
q_459,¿Pregunta relacionada a Variable 459?,2
q_460,¿Pregunta relacionada a Variable 460?,3
q_461,¿Pregunta relacionada a Variable 461?,2
q_462,¿Pregunta relacionada a Variable 462?,1
q_463,¿Pregunta relacionada a Variable 463?,1
q_464,¿Pregunta relacionada a Variable 464?,2
q_465,¿Pregunta relacionada a Variable 465?,2
q_466,¿Pregunta relacionada a Variable 466?,2
q_467,¿Pregunta relacionada a Variable 467?,2
q_468,¿Pregunta relacionada a Variable 468?,1
q_469,¿Pregunta relacionada a Variable 469?,3
q_470,¿Pregunta relacionada a Variable 470?,1
q_471,¿Pregunta relacionada a Variable 471?,3
q_472,¿Pregunta relacionada a Variable 472?,1
q_473,¿Pregunta relacionada a Variable 473?,2
q_474,¿Pregunta relacionada a Variable 474?,1
q_475,¿Pregunta relacionada a Variable 475?,1
q_476,¿Pregunta relacionada a Variable 476?,2
q_477,¿Pregunta relacionada a Variable 477?,2
q_478,¿Pregunta relacionada a Variable 478?,1
q_479,¿Pregunta relacionada a Variable 479?,1
q_480,¿Pregunta relacionada a Variable 480?,3
q_481,¿Pregunta relacionada a Variable 481?,3
q_482,¿Pregunta relacionada a Variable 482?,1
q_483,¿Pregunta relacionada a Variable 483?,3
q_484,¿Pregunta relacionada a Variable 484?,2
q_485,¿Pregunta relacionada a Variable 485?,1
q_486,¿Pregunta relacionada a Variable 486?,1
q_487,¿Pregunta relacionada a Variable 487?,3
q_488,¿Pregunta relacionada a Variable 488?,1
q_489,¿Pregunta relacionada a Variable 489?,1
q_490,¿Pregunta relacionada a Variable 490?,2
q_491,¿Pregunta relacionada a Variable 491?,1
q_492,¿Pregunta relacionada a Variable 492?,3
q_493,¿Pregunta relacionada a Variable 493?,2
q_494,¿Pregunta relacionada a Variable 494?,3
q_495,¿Pregunta relacionada a Variable 495?,1
q_496,¿Pregunta relacionada a Variable 496?,3
q_497,¿Pregunta relacionada a Variable 497?,3
q_498,¿Pregunta relacionada a Variable 498?,2
q_499,¿Pregunta relacionada a Variable 499?,1
q_500,¿Pregunta relacionada a Variable 500?,2
q_501,¿Pregunta relacionada a Variable 501?,1
q_502,¿Pregunta relacionada a Variable 502?,2
q_503,¿Pregunta relacionada a Variable 503?,1
q_504,¿Pregunta relacionada a Variable 504?,2
q_505,¿Pregunta relacionada a Variable 505?,1
q_506,¿Pregunta relacionada a Variable 506?,2
q_507,¿Pregunta relacionada a Variable 507?,3
q_508,¿Pregunta relacionada a Variable 508?,2
q_509,¿Pregunta relacionada a Variable 509?,3
q_510,¿Pregunta relacionada a Variable 510?,2
q_511,¿Pregunta relacionada a Variable 511?,3
q_512,¿Pregunta relacionada a Variable 512?,1
q_513,¿Pregunta relacionada a Variable 513?,3
q_514,¿Pregunta relacionada a Variable 514?,1
q_515,¿Pregunta relacionada a Variable 515?,3
q_516,¿Pregunta relacionada a Variable 516?,1
q_517,¿Pregunta relacionada a Variable 517?,3
q_518,¿Pregunta relacionada a Variable 518?,2
q_519,¿Pregunta relacionada a Variable 519?,1
q_520,¿Pregunta relacionada a Variable 520?,1
q_521,¿Pregunta relacionada a Variable 521?,3
q_522,¿Pregunta relacionada a Variable 522?,2
q_523,¿Pregunta relacionada a Variable 523?,1
q_524,¿Pregunta relacionada a Variable 524?,1
q_525,¿Pregunta relacionada a Variable 525?,2
q_526,¿Pregunta relacionada a Variable 526?,2
q_527,¿Pregunta relacionada a Variable 527?,2
q_528,¿Pregunta relacionada a Variable 528?,1
q_529,¿Pregunta relacionada a Variable 529?,3
q_530,¿Pregunta relacionada a Variable 530?,3
q_531,¿Pregunta relacionada a Variable 531?,1
q_532,¿Pregunta relacionada a Variable 532?,1
q_533,¿Pregunta relacionada a Variable 533?,1
q_534,¿Pregunta relacionada a Variable 534?,1
q_535,¿Pregunta relacionada a Variable 535?,2
q_536,¿Pregunta relacionada a Variable 536?,1
q_537,¿Pregunta relacionada a Variable 537?,1
q_538,¿Pregunta relacionada a Variable 538?,1
q_539,¿Pregunta relacionada a Variable 539?,2
q_540,¿Pregunta relacionada a Variable 540?,2
q_541,¿Pregunta relacionada a Variable 541?,2
q_542,¿Pregunta relacionada a Variable 542?,1
q_543,¿Pregunta relacionada a Variable 543?,2
q_544,¿Pregunta relacionada a Variable 544?,1
q_545,¿Pregunta relacionada a Variable 545?,1
q_546,¿Pregunta relacionada a Variable 546?,3
q_547,¿Pregunta relacionada a Variable 547?,2
q_548,¿Pregunta relacionada a Variable 548?,3
q_549,¿Pregunta relacionada a Variable 549?,3
q_550,¿Pregunta relacionada a Variable 550?,2
q_551,¿Pregunta relacionada a Variable 551?,2
q_552,¿Pregunta relacionada a Variable 552?,3
q_553,¿Pregunta relacionada a Variable 553?,1
q_554,¿Pregunta relacionada a Variable 554?,3
q_555,¿Pregunta relacionada a Variable 555?,2
q_556,¿Pregunta relacionada a Variable 556?,1
q_557,¿Pregunta relacionada a Variable 557?,3
q_558,¿Pregunta relacionada a Variable 558?,3
q_559,¿Pregunta relacionada a Variable 559?,3
q_560,¿Pregunta relacionada a Variable 560?,2
q_561,¿Pregunta relacionada a Variable 561?,3
q_562,¿Pregunta relacionada a Variable 562?,2
q_563,¿Pregunta relacionada a Variable 563?,1
q_564,¿Pregunta relacionada a Variable 564?,1
q_565,¿Pregunta relacionada a Variable 565?,3
q_566,¿Pregunta relacionada a Variable 566?,2
q_567,¿Pregunta relacionada a Variable 567?,3
q_568,¿Pregunta relacionada a Variable 568?,1
q_569,¿Pregunta relacionada a Variable 569?,2
q_570,¿Pregunta relacionada a Variable 570?,1
q_571,¿Pregunta relacionada a Variable 571?,1
q_572,¿Pregunta relacionada a Variable 572?,2
q_573,¿Pregunta relacionada a Variable 573?,2
q_574,¿Pregunta relacionada a Variable 574?,2
q_575,¿Pregunta relacionada a Variable 575?,3
q_576,¿Pregunta relacionada a Variable 576?,3
q_577,¿Pregunta relacionada a Variable 577?,2
q_578,¿Pregunta relacionada a Variable 578?,2
q_579,¿Pregunta relacionada a Variable 579?,3
q_580,¿Pregunta relacionada a Variable 580?,2
q_581,¿Pregunta relacionada a Variable 581?,1
q_582,¿Pregunta relacionada a Variable 582?,2
q_583,¿Pregunta relacionada a Variable 583?,3
q_584,¿Pregunta relacionada a Variable 584?,2
q_585,¿Pregunta relacionada a Variable 585?,2
q_586,¿Pregunta relacionada a Variable 586?,1
q_587,¿Pregunta relacionada a Variable 587?,2
q_588,¿Pregunta relacionada a Variable 588?,3
q_589,¿Pregunta relacionada a Variable 589?,3
q_590,¿Pregunta relacionada a Variable 590?,1
q_591,¿Pregunta relacionada a Variable 591?,1
q_592,¿Pregunta relacionada a Variable 592?,3
q_593,¿Pregunta relacionada a Variable 593?,2
q_594,¿Pregunta relacionada a Variable 594?,3
q_595,¿Pregunta relacionada a Variable 595?,1
q_596,¿Pregunta relacionada a Variable 596?,3
q_597,¿Pregunta relacionada a Variable 597?,1
q_598,¿Pregunta relacionada a Variable 598?,3
q_599,¿Pregunta relacionada a Variable 599?,2
q_600,¿Pregunta relacionada a Variable 600?,2
q_601,¿Pregunta relacionada a Variable 601?,1
q_602,¿Pregunta relacionada a Variable 602?,2
q_603,¿Pregunta relacionada a Variable 603?,1
q_604,¿Pregunta relacionada a Variable 604?,2
q_605,¿Pregunta relacionada a Variable 605?,3
q_606,¿Pregunta relacionada a Variable 606?,2
q_607,¿Pregunta relacionada a Variable 607?,3
q_608,¿Pregunta relacionada a Variable 608?,1
q_609,¿Pregunta relacionada a Variable 609?,2
q_610,¿Pregunta relacionada a Variable 610?,2
q_611,¿Pregunta relacionada a Variable 611?,3
q_612,¿Pregunta relacionada a Variable 612?,1
q_613,¿Pregunta relacionada a Variable 613?,2
q_614,¿Pregunta relacionada a Variable 614?,1
q_615,¿Pregunta relacionada a Variable 615?,1
q_616,¿Pregunta relacionada a Variable 616?,2
q_617,¿Pregunta relacionada a Variable 617?,3
q_618,¿Pregunta relacionada a Variable 618?,1
q_619,¿Pregunta relacionada a Variable 619?,1
q_620,¿Pregunta relacionada a Variable 620?,2
q_621,¿Pregunta relacionada a Variable 621?,1
q_622,¿Pregunta relacionada a Variable 622?,2
q_623,¿Pregunta relacionada a Variable 623?,1
q_624,¿Pregunta relacionada a Variable 624?,3
q_625,¿Pregunta relacionada a Variable 625?,3
q_626,¿Pregunta relacionada a Variable 626?,3
q_627,¿Pregunta relacionada a Variable 627?,3
q_628,¿Pregunta relacionada a Variable 628?,2
q_629,¿Pregunta relacionada a Variable 629?,2
q_630,¿Pregunta relacionada a Variable 630?,2
q_631,¿Pregunta relacionada a Variable 631?,2
q_632,¿Pregunta relacionada a Variable 632?,2
q_633,¿Pregunta relacionada a Variable 633?,3
q_634,¿Pregunta relacionada a Variable 634?,1
q_635,¿Pregunta relacionada a Variable 635?,1
q_636,¿Pregunta relacionada a Variable 636?,3
q_637,¿Pregunta relacionada a Variable 637?,3
q_638,¿Pregunta relacionada a Variable 638?,2
q_639,¿Pregunta relacionada a Variable 639?,2
q_640,¿Pregunta relacionada a Variable 640?,1
q_641,¿Pregunta relacionada a Variable 641?,1
q_642,¿Pregunta relacionada a Variable 642?,2
q_643,¿Pregunta relacionada a Variable 643?,2
q_644,¿Pregunta relacionada a Variable 644?,3
q_645,¿Pregunta relacionada a Variable 645?,2
q_646,¿Pregunta relacionada a Variable 646?,3
q_647,¿Pregunta relacionada a Variable 647?,2
q_648,¿Pregunta relacionada a Variable 648?,1
q_649,¿Pregunta relacionada a Variable 649?,3
q_650,¿Pregunta relacionada a Variable 650?,1
q_651,¿Pregunta relacionada a Variable 651?,3
q_652,¿Pregunta relacionada a Variable 652?,3
q_653,¿Pregunta relacionada a Variable 653?,1
q_654,¿Pregunta relacionada a Variable 654?,1
q_655,¿Pregunta relacionada a Variable 655?,2
q_656,¿Pregunta relacionada a Variable 656?,3
q_657,¿Pregunta relacionada a Variable 657?,2
q_658,¿Pregunta relacionada a Variable 658?,3
q_659,¿Pregunta relacionada a Variable 659?,2
q_660,¿Pregunta relacionada a Variable 660?,1
q_661,¿Pregunta relacionada a Variable 661?,1
q_662,¿Pregunta relacionada a Variable 662?,2
q_663,¿Pregunta relacionada a Variable 663?,1
q_664,¿Pregunta relacionada a Variable 664?,2
q_665,¿Pregunta relacionada a Variable 665?,3
q_666,¿Pregunta relacionada a Variable 666?,3
q_667,¿Pregunta relacionada a Variable 667?,1
q_668,¿Pregunta relacionada a Variable 668?,1
q_669,¿Pregunta relacionada a Variable 669?,1
q_670,¿Pregunta relacionada a Variable 670?,3
q_671,¿Pregunta relacionada a Variable 671?,2
q_672,¿Pregunta relacionada a Variable 672?,1
q_673,¿Pregunta relacionada a Variable 673?,2
q_674,¿Pregunta relacionada a Variable 674?,1
q_675,¿Pregunta relacionada a Variable 675?,1
q_676,¿Pregunta relacionada a Variable 676?,1
q_677,¿Pregunta relacionada a Variable 677?,2
q_678,¿Pregunta relacionada a Variable 678?,2
q_679,¿Pregunta relacionada a Variable 679?,2
q_680,¿Pregunta relacionada a Variable 680?,3
q_681,¿Pregunta relacionada a Variable 681?,3
q_682,¿Pregunta relacionada a Variable 682?,3
q_683,¿Pregunta relacionada a Variable 683?,2
q_684,¿Pregunta relacionada a Variable 684?,3
q_685,¿Pregunta relacionada a Variable 685?,1
q_686,¿Pregunta relacionada a Variable 686?,2
q_687,¿Pregunta relacionada a Variable 687?,1
q_688,¿Pregunta relacionada a Variable 688?,1
q_689,¿Pregunta relacionada a Variable 689?,2
q_690,¿Pregunta relacionada a Variable 690?,1
q_691,¿Pregunta relacionada a Variable 691?,2
q_692,¿Pregunta relacionada a Variable 692?,3
q_693,¿Pregunta relacionada a Variable 693?,2
q_694,¿Pregunta relacionada a Variable 694?,2
q_695,¿Pregunta relacionada a Variable 695?,1
q_696,¿Pregunta relacionada a Variable 696?,1
q_697,¿Pregunta relacionada a Variable 697?,1
q_698,¿Pregunta relacionada a Variable 698?,1
q_699,¿Pregunta relacionada a Variable 699?,1
q_700,¿Pregunta relacionada a Variable 700?,1
q_701,¿Pregunta relacionada a Variable 701?,1
q_702,¿Pregunta relacionada a Variable 702?,1
q_703,¿Pregunta relacionada a Variable 703?,1
q_704,¿Pregunta relacionada a Variable 704?,2
q_705,¿Pregunta relacionada a Variable 705?,1
q_706,¿Pregunta relacionada a Variable 706?,1
q_707,¿Pregunta relacionada a Variable 707?,2
q_708,¿Pregunta relacionada a Variable 708?,3
q_709,¿Pregunta relacionada a Variable 709?,3
q_710,¿Pregunta relacionada a Variable 710?,2
q_711,¿Pregunta relacionada a Variable 711?,3
q_712,¿Pregunta relacionada a Variable 712?,1
q_713,¿Pregunta relacionada a Variable 713?,1
q_714,¿Pregunta relacionada a Variable 714?,1
q_715,¿Pregunta relacionada a Variable 715?,3
q_716,¿Pregunta relacionada a Variable 716?,2
q_717,¿Pregunta relacionada a Variable 717?,1
q_718,¿Pregunta relacionada a Variable 718?,2
q_719,¿Pregunta relacionada a Variable 719?,2
q_720,¿Pregunta relacionada a Variable 720?,1
q_721,¿Pregunta relacionada a Variable 721?,2
q_722,¿Pregunta relacionada a Variable 722?,2
q_723,¿Pregunta relacionada a Variable 723?,1
q_724,¿Pregunta relacionada a Variable 724?,2
q_725,¿Pregunta relacionada a Variable 725?,3
q_726,¿Pregunta relacionada a Variable 726?,1
q_727,¿Pregunta relacionada a Variable 727?,1
q_728,¿Pregunta relacionada a Variable 728?,1
q_729,¿Pregunta relacionada a Variable 729?,1
q_730,¿Pregunta relacionada a Variable 730?,1
q_731,¿Pregunta relacionada a Variable 731?,1
q_732,¿Pregunta relacionada a Variable 732?,1
q_733,¿Pregunta relacionada a Variable 733?,3
q_734,¿Pregunta relacionada a Variable 734?,2
q_735,¿Pregunta relacionada a Variable 735?,3
q_736,¿Pregunta relacionada a Variable 736?,2
q_737,¿Pregunta relacionada a Variable 737?,1
q_738,¿Pregunta relacionada a Variable 738?,3
q_739,¿Pregunta relacionada a Variable 739?,1
q_740,¿Pregunta relacionada a Variable 740?,2
q_741,¿Pregunta relacionada a Variable 741?,3
q_742,¿Pregunta relacionada a Variable 742?,3
q_743,¿Pregunta relacionada a Variable 743?,2
q_744,¿Pregunta relacionada a Variable 744?,2
q_745,¿Pregunta relacionada a Variable 745?,3
q_746,¿Pregunta relacionada a Variable 746?,3
q_747,¿Pregunta relacionada a Variable 747?,3
q_748,¿Pregunta relacionada a Variable 748?,2
q_749,¿Pregunta relacionada a Variable 749?,1
q_750,¿Pregunta relacionada a Variable 750?,3
q_751,¿Pregunta relacionada a Variable 751?,2
q_752,¿Pregunta relacionada a Variable 752?,3
q_753,¿Pregunta relacionada a Variable 753?,2
q_754,¿Pregunta relacionada a Variable 754?,3
q_755,¿Pregunta relacionada a Variable 755?,2
q_756,¿Pregunta relacionada a Variable 756?,2
q_757,¿Pregunta relacionada a Variable 757?,3
q_758,¿Pregunta relacionada a Variable 758?,2
q_759,¿Pregunta relacionada a Variable 759?,2
q_760,¿Pregunta relacionada a Variable 760?,2
q_761,¿Pregunta relacionada a Variable 761?,2
q_762,¿Pregunta relacionada a Variable 762?,2
q_763,¿Pregunta relacionada a Variable 763?,2
q_764,¿Pregunta relacionada a Variable 764?,2
q_765,¿Pregunta relacionada a Variable 765?,2
q_766,¿Pregunta relacionada a Variable 766?,3
q_767,¿Pregunta relacionada a Variable 767?,2
q_768,¿Pregunta relacionada a Variable 768?,1
q_769,¿Pregunta relacionada a Variable 769?,3
q_770,¿Pregunta relacionada a Variable 770?,3
q_771,¿Pregunta relacionada a Variable 771?,1
q_772,¿Pregunta relacionada a Variable 772?,2
q_773,¿Pregunta relacionada a Variable 773?,1
q_774,¿Pregunta relacionada a Variable 774?,1
q_775,¿Pregunta relacionada a Variable 775?,1
q_776,¿Pregunta relacionada a Variable 776?,3
q_777,¿Pregunta relacionada a Variable 777?,2
q_778,¿Pregunta relacionada a Variable 778?,3
q_779,¿Pregunta relacionada a Variable 779?,2
q_780,¿Pregunta relacionada a Variable 780?,1
q_781,¿Pregunta relacionada a Variable 781?,3
q_782,¿Pregunta relacionada a Variable 782?,2
q_783,¿Pregunta relacionada a Variable 783?,2
q_784,¿Pregunta relacionada a Variable 784?,1
q_785,¿Pregunta relacionada a Variable 785?,3
q_786,¿Pregunta relacionada a Variable 786?,3
q_787,¿Pregunta relacionada a Variable 787?,3
q_788,¿Pregunta relacionada a Variable 788?,3
q_789,¿Pregunta relacionada a Variable 789?,3
q_790,¿Pregunta relacionada a Variable 790?,3
q_791,¿Pregunta relacionada a Variable 791?,3
q_792,¿Pregunta relacionada a Variable 792?,1
q_793,¿Pregunta relacionada a Variable 793?,2
q_794,¿Pregunta relacionada a Variable 794?,1
q_795,¿Pregunta relacionada a Variable 795?,2
q_796,¿Pregunta relacionada a Variable 796?,2
q_797,¿Pregunta relacionada a Variable 797?,2
q_798,¿Pregunta relacionada a Variable 798?,3
q_799,¿Pregunta relacionada a Variable 799?,3
q_800,¿Pregunta relacionada a Variable 800?,2
q_801,¿Pregunta relacionada a Variable 801?,2
q_802,¿Pregunta relacionada a Variable 802?,3
q_803,¿Pregunta relacionada a Variable 803?,3
q_804,¿Pregunta relacionada a Variable 804?,2
q_805,¿Pregunta relacionada a Variable 805?,2
q_806,¿Pregunta relacionada a Variable 806?,1
q_807,¿Pregunta relacionada a Variable 807?,3
q_808,¿Pregunta relacionada a Variable 808?,3
q_809,¿Pregunta relacionada a Variable 809?,2
q_810,¿Pregunta relacionada a Variable 810?,1
q_811,¿Pregunta relacionada a Variable 811?,3
q_812,¿Pregunta relacionada a Variable 812?,1
q_813,¿Pregunta relacionada a Variable 813?,1
q_814,¿Pregunta relacionada a Variable 814?,3
q_815,¿Pregunta relacionada a Variable 815?,2
q_816,¿Pregunta relacionada a Variable 816?,1
q_817,¿Pregunta relacionada a Variable 817?,2
q_818,¿Pregunta relacionada a Variable 818?,3
q_819,¿Pregunta relacionada a Variable 819?,1
q_820,¿Pregunta relacionada a Variable 820?,2
q_821,¿Pregunta relacionada a Variable 821?,1
q_822,¿Pregunta relacionada a Variable 822?,1
q_823,¿Pregunta relacionada a Variable 823?,1
q_824,¿Pregunta relacionada a Variable 824?,3
q_825,¿Pregunta relacionada a Variable 825?,2
q_826,¿Pregunta relacionada a Variable 826?,1
q_827,¿Pregunta relacionada a Variable 827?,2
q_828,¿Pregunta relacionada a Variable 828?,3
q_829,¿Pregunta relacionada a Variable 829?,1
q_830,¿Pregunta relacionada a Variable 830?,1
q_831,¿Pregunta relacionada a Variable 831?,1
q_832,¿Pregunta relacionada a Variable 832?,2
q_833,¿Pregunta relacionada a Variable 833?,2
q_834,¿Pregunta relacionada a Variable 834?,1
q_835,¿Pregunta relacionada a Variable 835?,2
q_836,¿Pregunta relacionada a Variable 836?,2
q_837,¿Pregunta relacionada a Variable 837?,1
q_838,¿Pregunta relacionada a Variable 838?,1
q_839,¿Pregunta relacionada a Variable 839?,1
q_840,¿Pregunta relacionada a Variable 840?,3
q_841,¿Pregunta relacionada a Variable 841?,1
q_842,¿Pregunta relacionada a Variable 842?,1
q_843,¿Pregunta relacionada a Variable 843?,1
q_844,¿Pregunta relacionada a Variable 844?,1
q_845,¿Pregunta relacionada a Variable 845?,1
q_846,¿Pregunta relacionada a Variable 846?,1
q_847,¿Pregunta relacionada a Variable 847?,1
q_848,¿Pregunta relacionada a Variable 848?,1
q_849,¿Pregunta relacionada a Variable 849?,3
q_850,¿Pregunta relacionada a Variable 850?,2
q_851,¿Pregunta relacionada a Variable 851?,3
q_852,¿Pregunta relacionada a Variable 852?,3
q_853,¿Pregunta relacionada a Variable 853?,1
q_854,¿Pregunta relacionada a Variable 854?,1
q_855,¿Pregunta relacionada a Variable 855?,1
q_856,¿Pregunta relacionada a Variable 856?,1
q_857,¿Pregunta relacionada a Variable 857?,2
q_858,¿Pregunta relacionada a Variable 858?,2
q_859,¿Pregunta relacionada a Variable 859?,3
q_860,¿Pregunta relacionada a Variable 860?,2
q_861,¿Pregunta relacionada a Variable 861?,3
q_862,¿Pregunta relacionada a Variable 862?,1
q_863,¿Pregunta relacionada a Variable 863?,3
q_864,¿Pregunta relacionada a Variable 864?,3
q_865,¿Pregunta relacionada a Variable 865?,2
q_866,¿Pregunta relacionada a Variable 866?,3
q_867,¿Pregunta relacionada a Variable 867?,1
q_868,¿Pregunta relacionada a Variable 868?,1
q_869,¿Pregunta relacionada a Variable 869?,1
q_870,¿Pregunta relacionada a Variable 870?,1
q_871,¿Pregunta relacionada a Variable 871?,2
q_872,¿Pregunta relacionada a Variable 872?,3
q_873,¿Pregunta relacionada a Variable 873?,3
q_874,¿Pregunta relacionada a Variable 874?,3
q_875,¿Pregunta relacionada a Variable 875?,3
q_876,¿Pregunta relacionada a Variable 876?,1
q_877,¿Pregunta relacionada a Variable 877?,2
q_878,¿Pregunta relacionada a Variable 878?,3
q_879,¿Pregunta relacionada a Variable 879?,3
q_880,¿Pregunta relacionada a Variable 880?,2
q_881,¿Pregunta relacionada a Variable 881?,3
q_882,¿Pregunta relacionada a Variable 882?,2
q_883,¿Pregunta relacionada a Variable 883?,3
q_884,¿Pregunta relacionada a Variable 884?,2
q_885,¿Pregunta relacionada a Variable 885?,3
q_886,¿Pregunta relacionada a Variable 886?,1
q_887,¿Pregunta relacionada a Variable 887?,3
q_888,¿Pregunta relacionada a Variable 888?,1
q_889,¿Pregunta relacionada a Variable 889?,2
q_890,¿Pregunta relacionada a Variable 890?,1
q_891,¿Pregunta relacionada a Variable 891?,3
q_892,¿Pregunta relacionada a Variable 892?,1
q_893,¿Pregunta relacionada a Variable 893?,1
q_894,¿Pregunta relacionada a Variable 894?,3
q_895,¿Pregunta relacionada a Variable 895?,2
q_896,¿Pregunta relacionada a Variable 896?,1
q_897,¿Pregunta relacionada a Variable 897?,3
q_898,¿Pregunta relacionada a Variable 898?,1
q_899,¿Pregunta relacionada a Variable 899?,2
q_900,¿Pregunta relacionada a Variable 900?,2
q_901,¿Pregunta relacionada a Variable 901?,2
q_902,¿Pregunta relacionada a Variable 902?,1
q_903,¿Pregunta relacionada a Variable 903?,3
q_904,¿Pregunta relacionada a Variable 904?,2
q_905,¿Pregunta relacionada a Variable 905?,3
q_906,¿Pregunta relacionada a Variable 906?,2
q_907,¿Pregunta relacionada a Variable 907?,1
q_908,¿Pregunta relacionada a Variable 908?,1
q_909,¿Pregunta relacionada a Variable 909?,2
q_910,¿Pregunta relacionada a Variable 910?,3
q_911,¿Pregunta relacionada a Variable 911?,3
q_912,¿Pregunta relacionada a Variable 912?,2
q_913,¿Pregunta relacionada a Variable 913?,1
q_914,¿Pregunta relacionada a Variable 914?,3
q_915,¿Pregunta relacionada a Variable 915?,3
q_916,¿Pregunta relacionada a Variable 916?,1
q_917,¿Pregunta relacionada a Variable 917?,3
q_918,¿Pregunta relacionada a Variable 918?,2
q_919,¿Pregunta relacionada a Variable 919?,1
q_920,¿Pregunta relacionada a Variable 920?,2
q_921,¿Pregunta relacionada a Variable 921?,1
q_922,¿Pregunta relacionada a Variable 922?,2
q_923,¿Pregunta relacionada a Variable 923?,2
q_924,¿Pregunta relacionada a Variable 924?,2
q_925,¿Pregunta relacionada a Variable 925?,3
q_926,¿Pregunta relacionada a Variable 926?,3
q_927,¿Pregunta relacionada a Variable 927?,2
q_928,¿Pregunta relacionada a Variable 928?,2
q_929,¿Pregunta relacionada a Variable 929?,1
q_930,¿Pregunta relacionada a Variable 930?,3
q_931,¿Pregunta relacionada a Variable 931?,2
q_932,¿Pregunta relacionada a Variable 932?,3
q_933,¿Pregunta relacionada a Variable 933?,1
q_934,¿Pregunta relacionada a Variable 934?,2
q_935,¿Pregunta relacionada a Variable 935?,3
q_936,¿Pregunta relacionada a Variable 936?,1
q_937,¿Pregunta relacionada a Variable 937?,2
q_938,¿Pregunta relacionada a Variable 938?,3
q_939,¿Pregunta relacionada a Variable 939?,1
q_940,¿Pregunta relacionada a Variable 940?,1
q_941,¿Pregunta relacionada a Variable 941?,3
q_942,¿Pregunta relacionada a Variable 942?,2
q_943,¿Pregunta relacionada a Variable 943?,3
q_944,¿Pregunta relacionada a Variable 944?,1
q_945,¿Pregunta relacionada a Variable 945?,1
q_946,¿Pregunta relacionada a Variable 946?,2
q_947,¿Pregunta relacionada a Variable 947?,3
q_948,¿Pregunta relacionada a Variable 948?,2
q_949,¿Pregunta relacionada a Variable 949?,2
q_950,¿Pregunta relacionada a Variable 950?,1
q_951,¿Pregunta relacionada a Variable 951?,3
q_952,¿Pregunta relacionada a Variable 952?,3
q_953,¿Pregunta relacionada a Variable 953?,1
q_954,¿Pregunta relacionada a Variable 954?,1
q_955,¿Pregunta relacionada a Variable 955?,3
q_956,¿Pregunta relacionada a Variable 956?,2
q_957,¿Pregunta relacionada a Variable 957?,2
q_958,¿Pregunta relacionada a Variable 958?,3
q_959,¿Pregunta relacionada a Variable 959?,2
q_960,¿Pregunta relacionada a Variable 960?,2
q_961,¿Pregunta relacionada a Variable 961?,1
q_962,¿Pregunta relacionada a Variable 962?,2
q_963,¿Pregunta relacionada a Variable 963?,1
q_964,¿Pregunta relacionada a Variable 964?,2
q_965,¿Pregunta relacionada a Variable 965?,3
q_966,¿Pregunta relacionada a Variable 966?,1
q_967,¿Pregunta relacionada a Variable 967?,3
q_968,¿Pregunta relacionada a Variable 968?,1
q_969,¿Pregunta relacionada a Variable 969?,2
q_970,¿Pregunta relacionada a Variable 970?,3
q_971,¿Pregunta relacionada a Variable 971?,1
q_972,¿Pregunta relacionada a Variable 972?,3
q_973,¿Pregunta relacionada a Variable 973?,3
q_974,¿Pregunta relacionada a Variable 974?,2
q_975,¿Pregunta relacionada a Variable 975?,1
q_976,¿Pregunta relacionada a Variable 976?,2
q_977,¿Pregunta relacionada a Variable 977?,3
q_978,¿Pregunta relacionada a Variable 978?,1
q_979,¿Pregunta relacionada a Variable 979?,3
q_980,¿Pregunta relacionada a Variable 980?,3
q_981,¿Pregunta relacionada a Variable 981?,1
q_982,¿Pregunta relacionada a Variable 982?,3
q_983,¿Pregunta relacionada a Variable 983?,1
q_984,¿Pregunta relacionada a Variable 984?,1
q_985,¿Pregunta relacionada a Variable 985?,1
q_986,¿Pregunta relacionada a Variable 986?,3
q_987,¿Pregunta relacionada a Variable 987?,2
q_988,¿Pregunta relacionada a Variable 988?,3
q_989,¿Pregunta relacionada a Variable 989?,3
q_990,¿Pregunta relacionada a Variable 990?,1
q_991,¿Pregunta relacionada a Variable 991?,2
q_992,¿Pregunta relacionada a Variable 992?,1
q_993,¿Pregunta relacionada a Variable 993?,3
q_994,¿Pregunta relacionada a Variable 994?,2
q_995,¿Pregunta relacionada a Variable 995?,1
q_996,¿Pregunta relacionada a Variable 996?,3
q_997,¿Pregunta relacionada a Variable 997?,3
q_998,¿Pregunta relacionada a Variable 998?,2
q_999,¿Pregunta relacionada a Variable 999?,3
q_1000,¿Pregunta relacionada a Variable 1000?,3
q_1001,¿Pregunta relacionada a Variable 1001?,3
q_1002,¿Pregunta relacionada a Variable 1002?,3
q_1003,¿Pregunta relacionada a Variable 1003?,2
q_1004,¿Pregunta relacionada a Variable 1004?,3
q_1005,¿Pregunta relacionada a Variable 1005?,3
q_1006,¿Pregunta relacionada a Variable 1006?,3
q_1007,¿Pregunta relacionada a Variable 1007?,2
q_1008,¿Pregunta relacionada a Variable 1008?,2
q_1009,¿Pregunta relacionada a Variable 1009?,1
q_1010,¿Pregunta relacionada a Variable 1010?,2
q_1011,¿Pregunta relacionada a Variable 1011?,3
q_1012,¿Pregunta relacionada a Variable 1012?,2
q_1013,¿Pregunta relacionada a Variable 1013?,2
q_1014,¿Pregunta relacionada a Variable 1014?,2
q_1015,¿Pregunta relacionada a Variable 1015?,3
q_1016,¿Pregunta relacionada a Variable 1016?,1
q_1017,¿Pregunta relacionada a Variable 1017?,1
q_1018,¿Pregunta relacionada a Variable 1018?,1
q_1019,¿Pregunta relacionada a Variable 1019?,1
q_1020,¿Pregunta relacionada a Variable 1020?,2
q_1021,¿Pregunta relacionada a Variable 1021?,1
q_1022,¿Pregunta relacionada a Variable 1022?,2
q_1023,¿Pregunta relacionada a Variable 1023?,2
q_1024,¿Pregunta relacionada a Variable 1024?,1
q_1025,¿Pregunta relacionada a Variable 1025?,3
q_1026,¿Pregunta relacionada a Variable 1026?,1
q_1027,¿Pregunta relacionada a Variable 1027?,1
q_1028,¿Pregunta relacionada a Variable 1028?,2
q_1029,¿Pregunta relacionada a Variable 1029?,2
q_1030,¿Pregunta relacionada a Variable 1030?,1
q_1031,¿Pregunta relacionada a Variable 1031?,1
q_1032,¿Pregunta relacionada a Variable 1032?,3
q_1033,¿Pregunta relacionada a Variable 1033?,3
q_1034,¿Pregunta relacionada a Variable 1034?,3
q_1035,¿Pregunta relacionada a Variable 1035?,2
q_1036,¿Pregunta relacionada a Variable 1036?,3
q_1037,¿Pregunta relacionada a Variable 1037?,2
q_1038,¿Pregunta relacionada a Variable 1038?,2
q_1039,¿Pregunta relacionada a Variable 1039?,1
q_1040,¿Pregunta relacionada a Variable 1040?,3
q_1041,¿Pregunta relacionada a Variable 1041?,1
q_1042,¿Pregunta relacionada a Variable 1042?,1
q_1043,¿Pregunta relacionada a Variable 1043?,2
q_1044,¿Pregunta relacionada a Variable 1044?,3
q_1045,¿Pregunta relacionada a Variable 1045?,1
q_1046,¿Pregunta relacionada a Variable 1046?,2
q_1047,¿Pregunta relacionada a Variable 1047?,1
q_1048,¿Pregunta relacionada a Variable 1048?,3
q_1049,¿Pregunta relacionada a Variable 1049?,2
q_1050,¿Pregunta relacionada a Variable 1050?,3
q_1051,¿Pregunta relacionada a Variable 1051?,1
q_1052,¿Pregunta relacionada a Variable 1052?,2
q_1053,¿Pregunta relacionada a Variable 1053?,1
q_1054,¿Pregunta relacionada a Variable 1054?,1
q_1055,¿Pregunta relacionada a Variable 1055?,3
q_1056,¿Pregunta relacionada a Variable 1056?,2
q_1057,¿Pregunta relacionada a Variable 1057?,1
q_1058,¿Pregunta relacionada a Variable 1058?,3
q_1059,¿Pregunta relacionada a Variable 1059?,3
q_1060,¿Pregunta relacionada a Variable 1060?,2
q_1061,¿Pregunta relacionada a Variable 1061?,1
q_1062,¿Pregunta relacionada a Variable 1062?,2
q_1063,¿Pregunta relacionada a Variable 1063?,2
q_1064,¿Pregunta relacionada a Variable 1064?,1
q_1065,¿Pregunta relacionada a Variable 1065?,2
q_1066,¿Pregunta relacionada a Variable 1066?,2
q_1067,¿Pregunta relacionada a Variable 1067?,2
q_1068,¿Pregunta relacionada a Variable 1068?,3
q_1069,¿Pregunta relacionada a Variable 1069?,1
q_1070,¿Pregunta relacionada a Variable 1070?,2
q_1071,¿Pregunta relacionada a Variable 1071?,3
q_1072,¿Pregunta relacionada a Variable 1072?,3
q_1073,¿Pregunta relacionada a Variable 1073?,2
q_1074,¿Pregunta relacionada a Variable 1074?,1
q_1075,¿Pregunta relacionada a Variable 1075?,3
q_1076,¿Pregunta relacionada a Variable 1076?,2
q_1077,¿Pregunta relacionada a Variable 1077?,1
q_1078,¿Pregunta relacionada a Variable 1078?,1
q_1079,¿Pregunta relacionada a Variable 1079?,2
q_1080,¿Pregunta relacionada a Variable 1080?,3
q_1081,¿Pregunta relacionada a Variable 1081?,1
q_1082,¿Pregunta relacionada a Variable 1082?,1
q_1083,¿Pregunta relacionada a Variable 1083?,1
q_1084,¿Pregunta relacionada a Variable 1084?,1
q_1085,¿Pregunta relacionada a Variable 1085?,3
q_1086,¿Pregunta relacionada a Variable 1086?,3
q_1087,¿Pregunta relacionada a Variable 1087?,2
q_1088,¿Pregunta relacionada a Variable 1088?,2
q_1089,¿Pregunta relacionada a Variable 1089?,3
q_1090,¿Pregunta relacionada a Variable 1090?,2
q_1091,¿Pregunta relacionada a Variable 1091?,1
q_1092,¿Pregunta relacionada a Variable 1092?,3
q_1093,¿Pregunta relacionada a Variable 1093?,1
q_1094,¿Pregunta relacionada a Variable 1094?,3
q_1095,¿Pregunta relacionada a Variable 1095?,3
q_1096,¿Pregunta relacionada a Variable 1096?,2
q_1097,¿Pregunta relacionada a Variable 1097?,3
q_1098,¿Pregunta relacionada a Variable 1098?,2
q_1099,¿Pregunta relacionada a Variable 1099?,3
q_1100,¿Pregunta relacionada a Variable 1100?,1
q_1101,¿Pregunta relacionada a Variable 1101?,1
q_1102,¿Pregunta relacionada a Variable 1102?,1
q_1103,¿Pregunta relacionada a Variable 1103?,1
q_1104,¿Pregunta relacionada a Variable 1104?,1
q_1105,¿Pregunta relacionada a Variable 1105?,1
q_1106,¿Pregunta relacionada a Variable 1106?,3
q_1107,¿Pregunta relacionada a Variable 1107?,2
q_1108,¿Pregunta relacionada a Variable 1108?,3
q_1109,¿Pregunta relacionada a Variable 1109?,1
q_1110,¿Pregunta relacionada a Variable 1110?,1
q_1111,¿Pregunta relacionada a Variable 1111?,3
q_1112,¿Pregunta relacionada a Variable 1112?,2
q_1113,¿Pregunta relacionada a Variable 1113?,2
q_1114,¿Pregunta relacionada a Variable 1114?,2
q_1115,¿Pregunta relacionada a Variable 1115?,2
q_1116,¿Pregunta relacionada a Variable 1116?,1
q_1117,¿Pregunta relacionada a Variable 1117?,1
q_1118,¿Pregunta relacionada a Variable 1118?,2
q_1119,¿Pregunta relacionada a Variable 1119?,3
q_1120,¿Pregunta relacionada a Variable 1120?,3
q_1121,¿Pregunta relacionada a Variable 1121?,1
q_1122,¿Pregunta relacionada a Variable 1122?,3
q_1123,¿Pregunta relacionada a Variable 1123?,1
q_1124,¿Pregunta relacionada a Variable 1124?,1
q_1125,¿Pregunta relacionada a Variable 1125?,2
q_1126,¿Pregunta relacionada a Variable 1126?,2
q_1127,¿Pregunta relacionada a Variable 1127?,2
q_1128,¿Pregunta relacionada a Variable 1128?,2
q_1129,¿Pregunta relacionada a Variable 1129?,2
q_1130,¿Pregunta relacionada a Variable 1130?,2
q_1131,¿Pregunta relacionada a Variable 1131?,3
q_1132,¿Pregunta relacionada a Variable 1132?,2
q_1133,¿Pregunta relacionada a Variable 1133?,2
q_1134,¿Pregunta relacionada a Variable 1134?,1
q_1135,¿Pregunta relacionada a Variable 1135?,1
q_1136,¿Pregunta relacionada a Variable 1136?,2
q_1137,¿Pregunta relacionada a Variable 1137?,1
q_1138,¿Pregunta relacionada a Variable 1138?,3
q_1139,¿Pregunta relacionada a Variable 1139?,3
q_1140,¿Pregunta relacionada a Variable 1140?,3
q_1141,¿Pregunta relacionada a Variable 1141?,3
q_1142,¿Pregunta relacionada a Variable 1142?,2
q_1143,¿Pregunta relacionada a Variable 1143?,3
q_1144,¿Pregunta relacionada a Variable 1144?,3
q_1145,¿Pregunta relacionada a Variable 1145?,3
q_1146,¿Pregunta relacionada a Variable 1146?,3
q_1147,¿Pregunta relacionada a Variable 1147?,1
q_1148,¿Pregunta relacionada a Variable 1148?,3
q_1149,¿Pregunta relacionada a Variable 1149?,3
q_1150,¿Pregunta relacionada a Variable 1150?,1
q_1151,¿Pregunta relacionada a Variable 1151?,1
q_1152,¿Pregunta relacionada a Variable 1152?,2
q_1153,¿Pregunta relacionada a Variable 1153?,1
q_1154,¿Pregunta relacionada a Variable 1154?,1
q_1155,¿Pregunta relacionada a Variable 1155?,1
q_1156,¿Pregunta relacionada a Variable 1156?,3
q_1157,¿Pregunta relacionada a Variable 1157?,2
q_1158,¿Pregunta relacionada a Variable 1158?,2
q_1159,¿Pregunta relacionada a Variable 1159?,3
q_1160,¿Pregunta relacionada a Variable 1160?,2
q_1161,¿Pregunta relacionada a Variable 1161?,3
q_1162,¿Pregunta relacionada a Variable 1162?,1
q_1163,¿Pregunta relacionada a Variable 1163?,3
q_1164,¿Pregunta relacionada a Variable 1164?,3
q_1165,¿Pregunta relacionada a Variable 1165?,1
q_1166,¿Pregunta relacionada a Variable 1166?,1
q_1167,¿Pregunta relacionada a Variable 1167?,2
q_1168,¿Pregunta relacionada a Variable 1168?,3
q_1169,¿Pregunta relacionada a Variable 1169?,1
q_1170,¿Pregunta relacionada a Variable 1170?,2
q_1171,¿Pregunta relacionada a Variable 1171?,3
q_1172,¿Pregunta relacionada a Variable 1172?,1
q_1173,¿Pregunta relacionada a Variable 1173?,1
q_1174,¿Pregunta relacionada a Variable 1174?,3
q_1175,¿Pregunta relacionada a Variable 1175?,1
q_1176,¿Pregunta relacionada a Variable 1176?,3
q_1177,¿Pregunta relacionada a Variable 1177?,3
q_1178,¿Pregunta relacionada a Variable 1178?,3
q_1179,¿Pregunta relacionada a Variable 1179?,1
q_1180,¿Pregunta relacionada a Variable 1180?,1
q_1181,¿Pregunta relacionada a Variable 1181?,3
q_1182,¿Pregunta relacionada a Variable 1182?,2
q_1183,¿Pregunta relacionada a Variable 1183?,3
q_1184,¿Pregunta relacionada a Variable 1184?,3
q_1185,¿Pregunta relacionada a Variable 1185?,3
q_1186,¿Pregunta relacionada a Variable 1186?,2
q_1187,¿Pregunta relacionada a Variable 1187?,1
q_1188,¿Pregunta relacionada a Variable 1188?,1
q_1189,¿Pregunta relacionada a Variable 1189?,3
q_1190,¿Pregunta relacionada a Variable 1190?,3
q_1191,¿Pregunta relacionada a Variable 1191?,1
q_1192,¿Pregunta relacionada a Variable 1192?,3
q_1193,¿Pregunta relacionada a Variable 1193?,1
q_1194,¿Pregunta relacionada a Variable 1194?,2
q_1195,¿Pregunta relacionada a Variable 1195?,3
q_1196,¿Pregunta relacionada a Variable 1196?,1
q_1197,¿Pregunta relacionada a Variable 1197?,1
q_1198,¿Pregunta relacionada a Variable 1198?,2
q_1199,¿Pregunta relacionada a Variable 1199?,3
q_1200,¿Pregunta relacionada a Variable 1200?,2
q_1201,¿Pregunta relacionada a Variable 1201?,1
q_1202,¿Pregunta relacionada a Variable 1202?,1
q_1203,¿Pregunta relacionada a Variable 1203?,2
q_1204,¿Pregunta relacionada a Variable 1204?,2
q_1205,¿Pregunta relacionada a Variable 1205?,2
q_1206,¿Pregunta relacionada a Variable 1206?,3
q_1207,¿Pregunta relacionada a Variable 1207?,1
q_1208,¿Pregunta relacionada a Variable 1208?,3
q_1209,¿Pregunta relacionada a Variable 1209?,3
q_1210,¿Pregunta relacionada a Variable 1210?,2
q_1211,¿Pregunta relacionada a Variable 1211?,3
q_1212,¿Pregunta relacionada a Variable 1212?,3
q_1213,¿Pregunta relacionada a Variable 1213?,2
q_1214,¿Pregunta relacionada a Variable 1214?,2
q_1215,¿Pregunta relacionada a Variable 1215?,2
q_1216,¿Pregunta relacionada a Variable 1216?,1
q_1217,¿Pregunta relacionada a Variable 1217?,1
q_1218,¿Pregunta relacionada a Variable 1218?,3
q_1219,¿Pregunta relacionada a Variable 1219?,3
q_1220,¿Pregunta relacionada a Variable 1220?,1
q_1221,¿Pregunta relacionada a Variable 1221?,3
q_1222,¿Pregunta relacionada a Variable 1222?,2
q_1223,¿Pregunta relacionada a Variable 1223?,1
q_1224,¿Pregunta relacionada a Variable 1224?,3
q_1225,¿Pregunta relacionada a Variable 1225?,3
q_1226,¿Pregunta relacionada a Variable 1226?,3
q_1227,¿Pregunta relacionada a Variable 1227?,1
q_1228,¿Pregunta relacionada a Variable 1228?,1
q_1229,¿Pregunta relacionada a Variable 1229?,1
q_1230,¿Pregunta relacionada a Variable 1230?,2
q_1231,¿Pregunta relacionada a Variable 1231?,3
q_1232,¿Pregunta relacionada a Variable 1232?,3
q_1233,¿Pregunta relacionada a Variable 1233?,2
q_1234,¿Pregunta relacionada a Variable 1234?,1
q_1235,¿Pregunta relacionada a Variable 1235?,1
q_1236,¿Pregunta relacionada a Variable 1236?,1
q_1237,¿Pregunta relacionada a Variable 1237?,2
q_1238,¿Pregunta relacionada a Variable 1238?,3
q_1239,¿Pregunta relacionada a Variable 1239?,2
q_1240,¿Pregunta relacionada a Variable 1240?,3
q_1241,¿Pregunta relacionada a Variable 1241?,3
q_1242,¿Pregunta relacionada a Variable 1242?,3
q_1243,¿Pregunta relacionada a Variable 1243?,2
q_1244,¿Pregunta relacionada a Variable 1244?,1
q_1245,¿Pregunta relacionada a Variable 1245?,1
q_1246,¿Pregunta relacionada a Variable 1246?,2
q_1247,¿Pregunta relacionada a Variable 1247?,3
q_1248,¿Pregunta relacionada a Variable 1248?,2
q_1249,¿Pregunta relacionada a Variable 1249?,1
q_1250,¿Pregunta relacionada a Variable 1250?,2
q_1251,¿Pregunta relacionada a Variable 1251?,3
q_1252,¿Pregunta relacionada a Variable 1252?,1
q_1253,¿Pregunta relacionada a Variable 1253?,3
q_1254,¿Pregunta relacionada a Variable 1254?,2
q_1255,¿Pregunta relacionada a Variable 1255?,3
q_1256,¿Pregunta relacionada a Variable 1256?,2
q_1257,¿Pregunta relacionada a Variable 1257?,1
q_1258,¿Pregunta relacionada a Variable 1258?,1
q_1259,¿Pregunta relacionada a Variable 1259?,1
q_1260,¿Pregunta relacionada a Variable 1260?,3
q_1261,¿Pregunta relacionada a Variable 1261?,2
q_1262,¿Pregunta relacionada a Variable 1262?,2
q_1263,¿Pregunta relacionada a Variable 1263?,2
q_1264,¿Pregunta relacionada a Variable 1264?,3
q_1265,¿Pregunta relacionada a Variable 1265?,2
q_1266,¿Pregunta relacionada a Variable 1266?,1
q_1267,¿Pregunta relacionada a Variable 1267?,2
q_1268,¿Pregunta relacionada a Variable 1268?,3
q_1269,¿Pregunta relacionada a Variable 1269?,1
q_1270,¿Pregunta relacionada a Variable 1270?,1
q_1271,¿Pregunta relacionada a Variable 1271?,3
q_1272,¿Pregunta relacionada a Variable 1272?,1
q_1273,¿Pregunta relacionada a Variable 1273?,2
q_1274,¿Pregunta relacionada a Variable 1274?,3
q_1275,¿Pregunta relacionada a Variable 1275?,2
q_1276,¿Pregunta relacionada a Variable 1276?,3
q_1277,¿Pregunta relacionada a Variable 1277?,3
q_1278,¿Pregunta relacionada a Variable 1278?,3
q_1279,¿Pregunta relacionada a Variable 1279?,2
q_1280,¿Pregunta relacionada a Variable 1280?,3
q_1281,¿Pregunta relacionada a Variable 1281?,1
q_1282,¿Pregunta relacionada a Variable 1282?,2
q_1283,¿Pregunta relacionada a Variable 1283?,3
q_1284,¿Pregunta relacionada a Variable 1284?,3
q_1285,¿Pregunta relacionada a Variable 1285?,2
q_1286,¿Pregunta relacionada a Variable 1286?,1
q_1287,¿Pregunta relacionada a Variable 1287?,1
q_1288,¿Pregunta relacionada a Variable 1288?,3
q_1289,¿Pregunta relacionada a Variable 1289?,3
q_1290,¿Pregunta relacionada a Variable 1290?,1
q_1291,¿Pregunta relacionada a Variable 1291?,3
q_1292,¿Pregunta relacionada a Variable 1292?,1
q_1293,¿Pregunta relacionada a Variable 1293?,1
q_1294,¿Pregunta relacionada a Variable 1294?,1
q_1295,¿Pregunta relacionada a Variable 1295?,1
q_1296,¿Pregunta relacionada a Variable 1296?,3
q_1297,¿Pregunta relacionada a Variable 1297?,2
q_1298,¿Pregunta relacionada a Variable 1298?,2
q_1299,¿Pregunta relacionada a Variable 1299?,1
q_1300,¿Pregunta relacionada a Variable 1300?,3
q_1301,¿Pregunta relacionada a Variable 1301?,2
q_1302,¿Pregunta relacionada a Variable 1302?,2
q_1303,¿Pregunta relacionada a Variable 1303?,1
q_1304,¿Pregunta relacionada a Variable 1304?,1
q_1305,¿Pregunta relacionada a Variable 1305?,3
q_1306,¿Pregunta relacionada a Variable 1306?,2
q_1307,¿Pregunta relacionada a Variable 1307?,1
q_1308,¿Pregunta relacionada a Variable 1308?,1
q_1309,¿Pregunta relacionada a Variable 1309?,3
q_1310,¿Pregunta relacionada a Variable 1310?,1
q_1311,¿Pregunta relacionada a Variable 1311?,1
q_1312,¿Pregunta relacionada a Variable 1312?,1
q_1313,¿Pregunta relacionada a Variable 1313?,1
q_1314,¿Pregunta relacionada a Variable 1314?,1
q_1315,¿Pregunta relacionada a Variable 1315?,3
q_1316,¿Pregunta relacionada a Variable 1316?,1
q_1317,¿Pregunta relacionada a Variable 1317?,2
q_1318,¿Pregunta relacionada a Variable 1318?,1
q_1319,¿Pregunta relacionada a Variable 1319?,1
q_1320,¿Pregunta relacionada a Variable 1320?,2
q_1321,¿Pregunta relacionada a Variable 1321?,2
q_1322,¿Pregunta relacionada a Variable 1322?,1
q_1323,¿Pregunta relacionada a Variable 1323?,3
q_1324,¿Pregunta relacionada a Variable 1324?,2
q_1325,¿Pregunta relacionada a Variable 1325?,3
q_1326,¿Pregunta relacionada a Variable 1326?,1
q_1327,¿Pregunta relacionada a Variable 1327?,1
q_1328,¿Pregunta relacionada a Variable 1328?,2
q_1329,¿Pregunta relacionada a Variable 1329?,2
q_1330,¿Pregunta relacionada a Variable 1330?,3
q_1331,¿Pregunta relacionada a Variable 1331?,1
q_1332,¿Pregunta relacionada a Variable 1332?,2
q_1333,¿Pregunta relacionada a Variable 1333?,2
q_1334,¿Pregunta relacionada a Variable 1334?,2
q_1335,¿Pregunta relacionada a Variable 1335?,3
q_1336,¿Pregunta relacionada a Variable 1336?,1
q_1337,¿Pregunta relacionada a Variable 1337?,2
q_1338,¿Pregunta relacionada a Variable 1338?,2
q_1339,¿Pregunta relacionada a Variable 1339?,2
q_1340,¿Pregunta relacionada a Variable 1340?,1
q_1341,¿Pregunta relacionada a Variable 1341?,3
q_1342,¿Pregunta relacionada a Variable 1342?,3
q_1343,¿Pregunta relacionada a Variable 1343?,1
q_1344,¿Pregunta relacionada a Variable 1344?,3
q_1345,¿Pregunta relacionada a Variable 1345?,3
q_1346,¿Pregunta relacionada a Variable 1346?,2
q_1347,¿Pregunta relacionada a Variable 1347?,3
q_1348,¿Pregunta relacionada a Variable 1348?,2
q_1349,¿Pregunta relacionada a Variable 1349?,3
q_1350,¿Pregunta relacionada a Variable 1350?,2
q_1351,¿Pregunta relacionada a Variable 1351?,1
q_1352,¿Pregunta relacionada a Variable 1352?,1
q_1353,¿Pregunta relacionada a Variable 1353?,3
q_1354,¿Pregunta relacionada a Variable 1354?,2
q_1355,¿Pregunta relacionada a Variable 1355?,1
q_1356,¿Pregunta relacionada a Variable 1356?,1
q_1357,¿Pregunta relacionada a Variable 1357?,3
q_1358,¿Pregunta relacionada a Variable 1358?,2
q_1359,¿Pregunta relacionada a Variable 1359?,2
q_1360,¿Pregunta relacionada a Variable 1360?,1
q_1361,¿Pregunta relacionada a Variable 1361?,3
q_1362,¿Pregunta relacionada a Variable 1362?,1
q_1363,¿Pregunta relacionada a Variable 1363?,1
q_1364,¿Pregunta relacionada a Variable 1364?,3
q_1365,¿Pregunta relacionada a Variable 1365?,3
q_1366,¿Pregunta relacionada a Variable 1366?,3
q_1367,¿Pregunta relacionada a Variable 1367?,2
q_1368,¿Pregunta relacionada a Variable 1368?,3
q_1369,¿Pregunta relacionada a Variable 1369?,3
q_1370,¿Pregunta relacionada a Variable 1370?,1
q_1371,¿Pregunta relacionada a Variable 1371?,3
q_1372,¿Pregunta relacionada a Variable 1372?,3
q_1373,¿Pregunta relacionada a Variable 1373?,1
q_1374,¿Pregunta relacionada a Variable 1374?,2
q_1375,¿Pregunta relacionada a Variable 1375?,3
q_1376,¿Pregunta relacionada a Variable 1376?,1
q_1377,¿Pregunta relacionada a Variable 1377?,2
q_1378,¿Pregunta relacionada a Variable 1378?,2
q_1379,¿Pregunta relacionada a Variable 1379?,3
q_1380,¿Pregunta relacionada a Variable 1380?,2
q_1381,¿Pregunta relacionada a Variable 1381?,3
q_1382,¿Pregunta relacionada a Variable 1382?,2
q_1383,¿Pregunta relacionada a Variable 1383?,2
q_1384,¿Pregunta relacionada a Variable 1384?,2
q_1385,¿Pregunta relacionada a Variable 1385?,3
q_1386,¿Pregunta relacionada a Variable 1386?,2
q_1387,¿Pregunta relacionada a Variable 1387?,1
q_1388,¿Pregunta relacionada a Variable 1388?,1
q_1389,¿Pregunta relacionada a Variable 1389?,2
q_1390,¿Pregunta relacionada a Variable 1390?,3
q_1391,¿Pregunta relacionada a Variable 1391?,1
q_1392,¿Pregunta relacionada a Variable 1392?,2
q_1393,¿Pregunta relacionada a Variable 1393?,1
q_1394,¿Pregunta relacionada a Variable 1394?,1
q_1395,¿Pregunta relacionada a Variable 1395?,1
q_1396,¿Pregunta relacionada a Variable 1396?,1
q_1397,¿Pregunta relacionada a Variable 1397?,1
q_1398,¿Pregunta relacionada a Variable 1398?,2
q_1399,¿Pregunta relacionada a Variable 1399?,1
q_1400,¿Pregunta relacionada a Variable 1400?,2
q_1401,¿Pregunta relacionada a Variable 1401?,1
q_1402,¿Pregunta relacionada a Variable 1402?,3
q_1403,¿Pregunta relacionada a Variable 1403?,2
q_1404,¿Pregunta relacionada a Variable 1404?,3
q_1405,¿Pregunta relacionada a Variable 1405?,3
q_1406,¿Pregunta relacionada a Variable 1406?,1
q_1407,¿Pregunta relacionada a Variable 1407?,1
q_1408,¿Pregunta relacionada a Variable 1408?,1
q_1409,¿Pregunta relacionada a Variable 1409?,1
q_1410,¿Pregunta relacionada a Variable 1410?,1
q_1411,¿Pregunta relacionada a Variable 1411?,3
q_1412,¿Pregunta relacionada a Variable 1412?,3
q_1413,¿Pregunta relacionada a Variable 1413?,1
q_1414,¿Pregunta relacionada a Variable 1414?,1
q_1415,¿Pregunta relacionada a Variable 1415?,2
q_1416,¿Pregunta relacionada a Variable 1416?,2
q_1417,¿Pregunta relacionada a Variable 1417?,3
q_1418,¿Pregunta relacionada a Variable 1418?,3
q_1419,¿Pregunta relacionada a Variable 1419?,3
q_1420,¿Pregunta relacionada a Variable 1420?,1
q_1421,¿Pregunta relacionada a Variable 1421?,3
q_1422,¿Pregunta relacionada a Variable 1422?,3
q_1423,¿Pregunta relacionada a Variable 1423?,3
q_1424,¿Pregunta relacionada a Variable 1424?,2
q_1425,¿Pregunta relacionada a Variable 1425?,3
q_1426,¿Pregunta relacionada a Variable 1426?,3
q_1427,¿Pregunta relacionada a Variable 1427?,2
q_1428,¿Pregunta relacionada a Variable 1428?,3
q_1429,¿Pregunta relacionada a Variable 1429?,1
q_1430,¿Pregunta relacionada a Variable 1430?,2
q_1431,¿Pregunta relacionada a Variable 1431?,3
q_1432,¿Pregunta relacionada a Variable 1432?,2
q_1433,¿Pregunta relacionada a Variable 1433?,3
q_1434,¿Pregunta relacionada a Variable 1434?,3
q_1435,¿Pregunta relacionada a Variable 1435?,2
q_1436,¿Pregunta relacionada a Variable 1436?,1
q_1437,¿Pregunta relacionada a Variable 1437?,2
q_1438,¿Pregunta relacionada a Variable 1438?,1
q_1439,¿Pregunta relacionada a Variable 1439?,1
q_1440,¿Pregunta relacionada a Variable 1440?,2
q_1441,¿Pregunta relacionada a Variable 1441?,3
q_1442,¿Pregunta relacionada a Variable 1442?,1
q_1443,¿Pregunta relacionada a Variable 1443?,2
q_1444,¿Pregunta relacionada a Variable 1444?,3
q_1445,¿Pregunta relacionada a Variable 1445?,3
q_1446,¿Pregunta relacionada a Variable 1446?,3
q_1447,¿Pregunta relacionada a Variable 1447?,2
q_1448,¿Pregunta relacionada a Variable 1448?,2
q_1449,¿Pregunta relacionada a Variable 1449?,3
q_1450,¿Pregunta relacionada a Variable 1450?,3
q_1451,¿Pregunta relacionada a Variable 1451?,3
q_1452,¿Pregunta relacionada a Variable 1452?,3
q_1453,¿Pregunta relacionada a Variable 1453?,2
q_1454,¿Pregunta relacionada a Variable 1454?,3
q_1455,¿Pregunta relacionada a Variable 1455?,1
q_1456,¿Pregunta relacionada a Variable 1456?,1
q_1457,¿Pregunta relacionada a Variable 1457?,2
q_1458,¿Pregunta relacionada a Variable 1458?,1
q_1459,¿Pregunta relacionada a Variable 1459?,1
q_1460,¿Pregunta relacionada a Variable 1460?,1
q_1461,¿Pregunta relacionada a Variable 1461?,2
q_1462,¿Pregunta relacionada a Variable 1462?,1
q_1463,¿Pregunta relacionada a Variable 1463?,3
q_1464,¿Pregunta relacionada a Variable 1464?,1
q_1465,¿Pregunta relacionada a Variable 1465?,1
q_1466,¿Pregunta relacionada a Variable 1466?,1
q_1467,¿Pregunta relacionada a Variable 1467?,3
q_1468,¿Pregunta relacionada a Variable 1468?,2
q_1469,¿Pregunta relacionada a Variable 1469?,2
q_1470,¿Pregunta relacionada a Variable 1470?,1
q_1471,¿Pregunta relacionada a Variable 1471?,3
q_1472,¿Pregunta relacionada a Variable 1472?,1
q_1473,¿Pregunta relacionada a Variable 1473?,2
q_1474,¿Pregunta relacionada a Variable 1474?,2
q_1475,¿Pregunta relacionada a Variable 1475?,3
q_1476,¿Pregunta relacionada a Variable 1476?,3
q_1477,¿Pregunta relacionada a Variable 1477?,2
q_1478,¿Pregunta relacionada a Variable 1478?,2
q_1479,¿Pregunta relacionada a Variable 1479?,2
q_1480,¿Pregunta relacionada a Variable 1480?,1
q_1481,¿Pregunta relacionada a Variable 1481?,2
q_1482,¿Pregunta relacionada a Variable 1482?,2
q_1483,¿Pregunta relacionada a Variable 1483?,3
q_1484,¿Pregunta relacionada a Variable 1484?,2
q_1485,¿Pregunta relacionada a Variable 1485?,2
q_1486,¿Pregunta relacionada a Variable 1486?,3
q_1487,¿Pregunta relacionada a Variable 1487?,2
q_1488,¿Pregunta relacionada a Variable 1488?,3
q_1489,¿Pregunta relacionada a Variable 1489?,3
q_1490,¿Pregunta relacionada a Variable 1490?,3
q_1491,¿Pregunta relacionada a Variable 1491?,3
q_1492,¿Pregunta relacionada a Variable 1492?,3
q_1493,¿Pregunta relacionada a Variable 1493?,3
q_1494,¿Pregunta relacionada a Variable 1494?,3
q_1495,¿Pregunta relacionada a Variable 1495?,2
q_1496,¿Pregunta relacionada a Variable 1496?,1
q_1497,¿Pregunta relacionada a Variable 1497?,2
q_1498,¿Pregunta relacionada a Variable 1498?,3
q_1499,¿Pregunta relacionada a Variable 1499?,3
